-3.636232375999999817e+02,-6.013615440000000234e+01,3.267969630000000336e+01,8.433799999999999977e-03,1.381435973131793560e+00
-3.641481780999999955e+02,-6.206319890000000328e+01,3.270505380000000173e+01,8.071300000000000002e-03,8.958201507336716052e-01
-3.646420143000000280e+02,-6.399857610000000108e+01,3.273019819999999669e+01,7.714999999999999636e-03,4.399764569562248373e-01
-3.651059897000000092e+02,-6.594142759999999726e+01,3.275513159999999857e+01,7.363299999999999707e-03,2.011358430620159218e-02
-3.655412967999999978e+02,-6.789068930000000535e+01,3.277985619999999756e+01,7.011599999999999777e-03,-3.826674818894795216e-01
-3.659492831000000024e+02,-6.984595099999999945e+01,3.280437400000000281e+01,6.658999999999999989e-03,-7.514671789087830067e-01
-3.663312518000000182e+02,-7.180659210000000314e+01,3.282868700000000217e+01,6.304899999999999567e-03,-1.099201102908736960e+00
-3.666884509000000207e+02,-7.377164729999999793e+01,3.285279719999999770e+01,5.959199999999999567e-03,-1.421612386371502446e+00
-3.670222583999999983e+02,-7.574092000000000269e+01,3.287670659999999856e+01,5.588100000000000359e-03,-1.720842187451261163e+00
-3.673340962999999988e+02,-7.771397349999999449e+01,3.290041730000000086e+01,5.194599999999999738e-03,-1.998202769472510854e+00
-3.676252764999999840e+02,-7.968982990000000655e+01,3.292393100000000317e+01,4.986400000000000207e-03,-2.254943431884293137e+00
-3.678967779000000178e+02,-8.166865989999999442e+01,3.294724980000000158e+01,4.837199999999999833e-03,-2.491759855323604889e+00
-3.681491682000000196e+02,-8.365026279999999304e+01,3.297037550000000294e+01,4.745199999999999765e-03,-2.709391133559662990e+00
-3.683827307000000246e+02,-8.563375639999999578e+01,3.299331000000000103e+01,4.632700000000000012e-03,-2.908207235409898672e+00
-3.685979532999999719e+02,-8.761954590000000564e+01,3.301605510000000265e+01,4.524099999999999649e-03,-3.088691296060647407e+00
-3.687952358000000004e+02,-8.960734770000000537e+01,3.303861260000000044e+01,4.419499999999999817e-03,-3.251262092709555240e+00
-3.689749391999999943e+02,-9.159651270000000522e+01,3.306098450000000355e+01,4.310900000000000322e-03,-3.396302089301793892e+00
-3.691375204999999937e+02,-9.358732030000000179e+01,3.308317230000000109e+01,4.213800000000000184e-03,-3.524271021209668397e+00
-3.692833411999999953e+02,-9.557947310000000130e+01,3.310517800000000221e+01,4.127999999999999725e-03,-3.635543630574661123e+00
-3.694127474000000007e+02,-9.757263380000000552e+01,3.312700319999999721e+01,4.005599999999999786e-03,-3.730313200965533316e+00
-3.695262091000000169e+02,-9.956684140000000127e+01,3.314864959999999883e+01,3.869200000000000157e-03,-3.808795638693952768e+00
-3.696242561000000251e+02,-1.015618293999999935e+02,3.317011899999999969e+01,3.718200000000000064e-03,-3.920515277101554119e+00
-3.697074812000000179e+02,-1.035575335000000052e+02,3.319141290000000311e+01,3.574799999999999939e-03,-4.021761438890997020e+00
-3.697764533000000142e+02,-1.055537685000000039e+02,3.321253320000000286e+01,3.431899999999999881e-03,-4.108845977986283593e+00
-3.698317372999999861e+02,-1.075503312000000022e+02,3.323348130000000111e+01,3.289199999999999936e-03,-4.182333975090730682e+00
-3.698739060999999992e+02,-1.095473903999999976e+02,3.325425899999999757e+01,3.147500000000000124e-03,-4.242305391368162759e+00
-3.699035173999999984e+02,-1.115445794000000035e+02,3.327486780000000266e+01,3.003399999999999820e-03,-4.289770802983192688e+00
-3.699211468999999965e+02,-1.135417852000000067e+02,3.329530929999999955e+01,2.856099999999999871e-03,-4.325353257857791789e+00
-3.699274178000000006e+02,-1.155392747000000071e+02,3.331558509999999984e+01,2.653599999999999882e-03,-4.349678604295026396e+00
-3.699231101999999964e+02,-1.175366216000000037e+02,3.333569669999999974e+01,2.389200000000000178e-03,-4.363523093379408913e+00
-3.699092842000000019e+02,-1.195339115000000021e+02,3.335564560000000256e+01,2.056699999999999848e-03,-4.367811520936040637e+00
-3.698872709999999984e+02,-1.215312243999999993e+02,3.337543339999999858e+01,1.694200000000000090e-03,-4.363594824995409738e+00
-3.698584978000000092e+02,-1.235284123999999935e+02,3.339506149999999707e+01,1.343100000000000066e-03,-4.352717220744837689e+00
-3.698243646000000240e+02,-1.255254876000000053e+02,3.341453140000000133e+01,1.006399999999999960e-03,-4.336578101642591498e+00
-3.697861561999999935e+02,-1.275225570000000062e+02,3.343384449999999930e+01,7.661999999999999757e-04,-4.316463983734560195e+00
-3.697448906000000193e+02,-1.295195282999999904e+02,3.345300240000000258e+01,5.402000000000000118e-04,-4.293392844635421923e+00
-3.697014684999999758e+02,-1.315164238000000125e+02,3.347200639999999794e+01,3.264000000000000191e-04,-4.288021623990998954e+00
-3.696567382000000066e+02,-1.335133648000000051e+02,3.349085790000000173e+01,1.201000000000000055e-04,-4.284573507031810280e+00
-3.696115278999999987e+02,-1.355102545000000021e+02,3.350955840000000308e+01,-7.380000000000000492e-05,-4.280589304989026900e+00
-3.695666100999999912e+02,-1.375071078999999941e+02,3.352810920000000294e+01,-2.534999999999999819e-04,-4.276588931441967389e+00
-3.695227006999999730e+02,-1.395040740000000028e+02,3.354651170000000349e+01,-4.321999999999999887e-04,-4.273699898190054469e+00
-3.694805165000000216e+02,-1.415010239000000070e+02,3.356476719999999858e+01,-6.109999999999999980e-04,-4.272637478503226838e+00
-3.694407701000000088e+02,-1.434979845000000012e+02,3.358287700000000342e+01,-7.896999999999999506e-04,-4.274114065191609413e+00
-3.694041720999999825e+02,-1.454950996999999973e+02,3.347742540000000133e+01,-9.684999999999999599e-04,-4.278843731857194577e+00
-3.693714312000000177e+02,-1.474921991999999875e+02,3.331156529999999805e+01,-1.090999999999999956e-03,-4.287131820801936222e+00
-3.693430286000000251e+02,-1.494893725000000018e+02,3.314541700000000191e+01,-1.145600000000000090e-03,-4.299692910442472815e+00
-3.693189348999999879e+02,-1.514865642999999977e+02,3.297843579999999974e+01,-7.682999999999999725e-04,-4.304392518633631148e+00
-3.692978962000000251e+02,-1.534838216999999929e+02,3.280577569999999810e+01,-3.020000000000000223e-04,-4.310969603626960911e+00
-3.692780450999999857e+02,-1.554812025999999889e+02,3.262633869999999803e+01,2.460000000000000164e-04,-4.318535819337713022e+00
-3.692570954000000256e+02,-1.574784018000000003e+02,3.245419669999999712e+01,9.902999999999999477e-04,-4.324841862459587460e+00
-3.692321908000000121e+02,-1.594756529999999941e+02,3.229042770000000218e+01,1.768599999999999946e-03,-4.327294009429817123e+00
-3.692002238000000034e+02,-1.614728777999999920e+02,3.213534109999999799e+01,2.576399999999999958e-03,-4.322785028095183613e+00
-3.691580263000000173e+02,-1.634696567000000016e+02,3.190157669999999968e+01,3.314800000000000125e-03,-4.308139757578019591e+00
-3.691026309000000083e+02,-1.654662035000000060e+02,3.161847130000000305e+01,3.881299999999999854e-03,-4.280395144359823156e+00
-3.690317900000000009e+02,-1.674625610999999878e+02,3.134186430000000456e+01,4.242000000000000111e-03,-4.236779194804793036e+00
-3.689441103999999996e+02,-1.694577684999999860e+02,3.106961890000000182e+01,4.514299999999999737e-03,-4.176376161631388584e+00
-3.688384224999999788e+02,-1.714524781000000075e+02,3.080193450000000155e+01,4.796599999999999822e-03,-4.098049898949824410e+00
-3.687136204999999904e+02,-1.734461276000000112e+02,3.053923550000000375e+01,5.098300000000000054e-03,-4.000685429510692614e+00
-3.685685248999999999e+02,-1.754381782000000101e+02,3.028209329999999966e+01,5.425799999999999720e-03,-3.883086950574882845e+00
-3.684018345000000068e+02,-1.774287004999999908e+02,3.003062810000000127e+01,5.759600000000000136e-03,-3.743946932318898746e+00
-3.682122628999999847e+02,-1.794170762999999909e+02,2.978495649999999983e+01,6.099699999999999567e-03,-3.581679691164099566e+00
-3.679984668999999826e+02,-1.814030975999999953e+02,2.954517030000000233e+01,6.444700000000000255e-03,-3.395232745773499428e+00
-3.677591282000000206e+02,-1.833861464000000012e+02,2.931138370000000037e+01,6.795599999999999731e-03,-3.183262100545954709e+00
-3.674929162999999903e+02,-1.853655943999999920e+02,2.908376189999999895e+01,7.154399999999999996e-03,-2.944412592610924584e+00
-3.671984014999999886e+02,-1.873413917000000026e+02,2.886193370000000158e+01,7.497700000000000371e-03,-2.677240843108132040e+00
-3.668743625999999836e+02,-1.893122644000000037e+02,2.864885810000000532e+01,7.970899999999999513e-03,-2.380514482846656676e+00
-3.665189687000000163e+02,-1.912775905999999964e+02,2.844886809999999855e+01,8.633999999999999314e-03,-2.052426856055920901e+00
-3.661296530999999845e+02,-1.932368711000000019e+02,2.826237090000000052e+01,9.313800000000000551e-03,-1.690518500912487010e+00
-3.657040089000000194e+02,-1.951883249999999919e+02,2.808926850000000286e+01,9.987599999999999256e-03,-1.292766351040159023e+00
-3.652395584000000213e+02,-1.971307664999999929e+02,2.792932170000000269e+01,1.064849999999999998e-02,-8.544802250082494943e-01
-3.647337944000000221e+02,-1.990632947000000001e+02,2.778269730000000237e+01,1.131399999999999940e-02,-3.750092647138488222e-01
-3.641845673999999917e+02,-2.009836184000000117e+02,2.764945250000000243e+01,1.197870000000000011e-02,7.390213435173206835e-02
-3.635896091999999840e+02,-2.028900865999999894e+02,2.752964850000000041e+01,1.264230000000000041e-02,4.889716112487983435e-01
-3.629465005999999789e+02,-2.047814533000000097e+02,2.742438270000000244e+01,1.335030000000000071e-02,9.676559296223276041e-01
-3.622533227000000124e+02,-2.066546463999999901e+02,2.733199590000000256e+01,1.397900000000000011e-02,1.500265537438026042e+00
-3.615082711000000018e+02,-2.085074659999999938e+02,2.724973050000000541e+01,1.447979999999999927e-02,2.084812852043894882e+00
-3.607096306999999911e+02,-2.103387662000000091e+02,2.717669030000000419e+01,1.493640000000000072e-02,2.434655859469762262e+00
-3.598569458000000054e+02,-2.121449150999999915e+02,2.711309470000000488e+01,1.539860000000000013e-02,2.662242031330551484e+00
-3.589493509000000131e+02,-2.139235411999999883e+02,2.705931890000000095e+01,1.587310000000000110e-02,2.950777042761865143e+00
-3.579852404999999749e+02,-2.156735855999999956e+02,2.701538590000000539e+01,1.634359999999999979e-02,3.302103932217713922e+00
-3.569649028000000044e+02,-2.173905584999999974e+02,2.698158169999999956e+01,1.682169999999999846e-02,3.717384802756656725e+00
-3.558878493999999932e+02,-2.190716946000000007e+02,2.695822910000000405e+01,1.730860000000000037e-02,3.793704958252814397e+00
-3.547524632000000224e+02,-2.207158747999999946e+02,2.694523889999999966e+01,1.778539999999999982e-02,3.750201316954564934e+00
-3.535600352999999814e+02,-2.223178403000000003e+02,2.694029270000000054e+01,1.815249999999999850e-02,3.777753776307072986e+00
-3.523106051999999977e+02,-2.238752441999999974e+02,2.694020569999999992e+01,1.837240000000000054e-02,3.877718025952666014e+00
-3.510046065000000226e+02,-2.253862862000000007e+02,2.694020569999999992e+01,1.837630000000000166e-02,4.050750126522218331e+00
-3.496443600000000060e+02,-2.268481226000000106e+02,2.694020569999999992e+01,1.818499999999999978e-02,4.185133606064654010e+00
-3.482312944999999900e+02,-2.282602510000000109e+02,2.694443449999999984e+01,1.786559999999999884e-02,3.937659405868878526e+00
-3.467694316000000185e+02,-2.296204930000000104e+02,2.695566330000000477e+01,1.747289999999999954e-02,3.761039244456591657e+00
-3.452606991999999764e+02,-2.309291523999999924e+02,2.697542010000000090e+01,1.712280000000000052e-02,3.653920098781928250e+00
-3.437076175999999919e+02,-2.321858210000000042e+02,2.700265149999999892e+01,1.680709999999999843e-02,3.615156673435503176e+00
-3.421139011999999866e+02,-2.333892045000000053e+02,2.703650130000000473e+01,1.640919999999999879e-02,3.643516110388203000e+00
-3.404815049000000045e+02,-2.345398452000000020e+02,2.707871030000000445e+01,1.585210000000000091e-02,3.329919035641914604e+00
-3.388130307000000130e+02,-2.356385394000000133e+02,2.713270290000000529e+01,1.520640000000000013e-02,2.999778328677755290e+00
-3.371124601999999868e+02,-2.366857450999999912e+02,2.720030950000000303e+01,1.456930000000000031e-02,2.729658914056942276e+00
-3.353820734000000243e+02,-2.376830582000000049e+02,2.728119470000000035e+01,1.396069999999999950e-02,2.517191819304605449e+00
-3.336241906999999856e+02,-2.386319263000000035e+02,2.737459910000000463e+01,1.336460000000000078e-02,2.247517069708721671e+00
-3.318419976999999790e+02,-2.395333400000000097e+02,2.747992810000000219e+01,1.276569999999999962e-02,1.844841328877492082e+00
-3.300374772999999777e+02,-2.403889981000000091e+02,2.758418950000000081e+01,1.214909999999999948e-02,1.492282571037068850e+00
-3.282122016999999801e+02,-2.412008482999999899e+02,2.768739790000000056e+01,1.158939999999999970e-02,1.187388661072373841e+00
-3.263690139999999928e+02,-2.419699329000000034e+02,2.778956750000000397e+01,1.131219999999999969e-02,9.283389311496993423e-01
-3.245088736000000154e+02,-2.426970886000000007e+02,2.789071210000000178e+01,1.136279999999999929e-02,6.731701518449757504e-01
-3.226322020000000066e+02,-2.433820099000000141e+02,2.799084549999999894e+01,1.158050000000000052e-02,3.410622045297855842e-01
-3.207406144999999924e+02,-2.440231704999999920e+02,2.808998130000000515e+01,1.185489999999999981e-02,6.347446420966616765e-02
-3.188344371000000024e+02,-2.446194686000000047e+02,2.818813250000000181e+01,1.176379999999999960e-02,-1.926162614217805935e-01
-3.169145025999999916e+02,-2.451709064000000069e+02,2.828531230000000107e+01,1.138229999999999971e-02,-3.852450570341120484e-01
-3.149828127999999765e+02,-2.456787194999999997e+02,2.838153290000000339e+01,1.047129999999999936e-02,-5.537175324037829638e-01
-3.130408102000000099e+02,-2.461460494000000097e+02,2.847680730000000437e+01,9.559700000000000836e-03,-9.385619288609052813e-01
-3.110902432999999974e+02,-2.465762076000000036e+02,2.857114750000000214e+01,8.699600000000000041e-03,-1.285785568426901726e+00
-3.091325815999999804e+02,-2.469722953000000132e+02,2.866456570000000426e+01,8.052399999999999489e-03,-1.598541052375004767e+00
-3.071688566999999921e+02,-2.473367652000000021e+02,2.875707350000000417e+01,7.639700000000000137e-03,-1.879368778291535591e+00
-3.051995484999999917e+02,-2.476712621000000070e+02,2.884868250000000245e+01,7.343500000000000201e-03,-2.192880223145718066e+00
-3.032256998999999951e+02,-2.479768071000000020e+02,2.893940450000000197e+01,7.062299999999999654e-03,-2.488360866785006564e+00
-3.012477051000000188e+02,-2.482544902999999863e+02,2.902925009999999872e+01,6.758199999999999798e-03,-2.755966745724999445e+00
-2.992660927000000015e+02,-2.485054550000000120e+02,2.911823090000000036e+01,6.444899999999999934e-03,-2.996850990388431057e+00
-2.972814847000000213e+02,-2.487308733000000132e+02,2.920635730000000052e+01,6.150499999999999717e-03,-3.212202238286967937e+00
-2.952942145999999752e+02,-2.489318997000000024e+02,2.929364010000000462e+01,5.851900000000000157e-03,-3.403192278855787567e+00
-2.933047227999999791e+02,-2.491096844999999860e+02,2.938008969999999920e+01,5.552699999999999823e-03,-3.570987564286238314e+00
-2.913133975000000078e+02,-2.492653900999999905e+02,2.946571630000000397e+01,5.257699999999999700e-03,-3.716603059216680993e+00
-2.893205126999999948e+02,-2.494001767999999970e+02,2.955053029999999836e+01,4.963600000000000304e-03,-3.848618641983060140e+00
-2.873264644999999859e+02,-2.495151945000000069e+02,2.963454130000000220e+01,4.670699999999999852e-03,-3.961352624173087644e+00
-2.853313468000000057e+02,-2.496116073000000029e+02,2.971775910000000209e+01,4.380099999999999619e-03,-4.055564045033389853e+00
-2.833354474999999866e+02,-2.496905613000000130e+02,2.980019349999999889e+01,4.090500000000000386e-03,-4.132405962815521860e+00
-2.813391292000000021e+02,-2.497532007000000078e+02,2.988185390000000297e+01,3.802199999999999937e-03,-4.193026184068752826e+00
-2.793421996000000149e+02,-2.498006795000000011e+02,2.996274929999999870e+01,3.519200000000000106e-03,-4.238582885807601563e+00
-2.773450131000000169e+02,-2.498341136999999890e+02,3.004288929999999880e+01,3.257299999999999866e-03,-4.270002118687707515e+00
-2.753478938999999741e+02,-2.498545502999999997e+02,3.012228250000000429e+01,2.996099999999999805e-03,-4.288154609493251002e+00
-2.733504417999999987e+02,-2.498630832000000055e+02,3.020093789999999956e+01,2.644200000000000196e-03,-4.294502609066540799e+00
-2.713531082000000083e+02,-2.498611104000000012e+02,3.027886409999999984e+01,2.118300000000000044e-03,-4.297492906129380508e+00
-2.693557974999999942e+02,-2.498506979999999942e+02,3.035606990000000138e+01,1.493799999999999989e-03,-4.306854500575485467e+00
-2.673584566999999765e+02,-2.498342795000000081e+02,3.043256350000000054e+01,9.571999999999999563e-04,-4.310311287322432072e+00
-2.653611587999999983e+02,-2.498139812000000006e+02,3.050835330000000312e+01,6.696999999999999611e-04,-4.309989080440547404e+00
-2.633639029000000278e+02,-2.497909950000000094e+02,3.058344730000000311e+01,5.530999999999999459e-04,-4.307079708132446783e+00
-2.613666567000000214e+02,-2.497657537999999988e+02,3.065785389999999921e+01,5.274999999999999741e-04,-4.301745097257179573e+00
-2.593694416000000160e+02,-2.497384082000000092e+02,3.073158049999999974e+01,5.019000000000000024e-04,-4.294115074019638101e+00
-2.573722654000000034e+02,-2.497090608000000032e+02,3.080463530000000105e+01,4.761999999999999740e-04,-4.284583786965394658e+00
-2.553751040999999873e+02,-2.496778135000000134e+02,3.087702589999999958e+01,4.506000000000000023e-04,-4.273253730074907608e+00
-2.533779756000000134e+02,-2.496447689000000025e+02,3.094875970000000365e+01,4.248999999999999739e-04,-4.260228052463607362e+00
-2.513808855999999992e+02,-2.496100293000000079e+02,3.101984410000000025e+01,3.993000000000000022e-04,-4.245609767997917672e+00
-2.493838101999999992e+02,-2.495736966000000052e+02,3.109028670000000005e+01,3.736999999999999762e-04,-4.228987152410609518e+00
-2.473867668000000037e+02,-2.495358734000000140e+02,3.116009470000000192e+01,3.480000000000000020e-04,-4.204491999577182781e+00
-2.453897594999999967e+02,-2.494966622000000029e+02,3.122927490000000006e+01,3.223999999999999761e-04,-4.159729265469445103e+00
-2.433927644999999984e+02,-2.494561648000000105e+02,3.129783430000000521e+01,2.969000000000000068e-04,-4.113276145356454805e+00
-2.413957967999999994e+02,-2.494144832000000065e+02,3.136578030000000439e+01,2.709999999999999735e-04,-4.065670880693940781e+00
-2.393988625000000070e+02,-2.493717209000000139e+02,3.143311909999999898e+01,2.449999999999999921e-04,-4.017084110425546584e+00
-2.374019346000000041e+02,-2.493279804000000013e+02,3.149985790000000208e+01,2.202000000000000127e-04,-3.967621438556817814e+00
-2.354050310000000081e+02,-2.492833606000000088e+02,3.156600290000000086e+01,1.994999999999999974e-04,-3.917385398443902655e+00
-2.334081559999999911e+02,-2.492379448000000082e+02,3.163156070000000142e+01,1.819000000000000033e-04,-3.866372247892647884e+00
-2.314112802999999872e+02,-2.491918019000000015e+02,3.169653790000000271e+01,1.666000000000000109e-04,-3.814220223948982191e+00
-2.294144255999999871e+02,-2.491449947000000122e+02,3.176094050000000379e+01,1.504999999999999990e-04,-3.761506045352863925e+00
-2.274175999999999931e+02,-2.490975876999999912e+02,3.182477510000000365e+01,1.337999999999999997e-04,-3.708298132605729158e+00
-2.254207663999999909e+02,-2.490496463000000062e+02,3.188804749999999899e+01,1.177000000000000013e-04,-3.654666143787733912e+00
-2.234239507000000060e+02,-2.490012356000000011e+02,3.195076410000000067e+01,1.015000000000000006e-04,-3.600679999212814675e+00
-2.214271587000000068e+02,-2.489524203999999941e+02,3.201293049999999596e+01,8.519999999999999742e-05,-3.546158426290532795e+00
-2.194303540999999882e+02,-2.489032650000000046e+02,3.207455269999999814e+01,6.889999999999999424e-05,-3.490999871881490080e+00
-2.174335633999999970e+02,-2.488538349000000096e+02,3.210509470000000221e+01,5.270000000000000026e-05,-3.435677213656112450e+00
-2.154367922000000135e+02,-2.488041950999999870e+02,3.213537029999999817e+01,3.639999999999999708e-05,-3.380260589161885765e+00
-2.134400028000000020e+02,-2.487544096999999965e+02,3.216538249999999977e+01,2.010000000000000068e-05,-3.324819746970026024e+00
-2.114432228999999950e+02,-2.487045443000000091e+02,3.219513390000000186e+01,3.899999999999999929e-06,-3.315681349310317216e+00
-2.094464581000000010e+02,-2.486546638000000087e+02,3.222462730000000164e+01,-1.239999999999999986e-05,-3.309656071782727249e+00
-2.074496694000000048e+02,-2.486048323999999923e+02,3.225386550000000341e+01,-2.869999999999999965e-05,-3.303811479249080918e+00
-2.054528860000000066e+02,-2.485551155999999935e+02,3.228285100000000085e+01,-4.500000000000000283e-05,-3.298213256112185743e+00
-2.034561131000000103e+02,-2.485055785000000128e+02,3.231158659999999827e+01,-6.119999999999999681e-05,-3.292926771533198238e+00
-2.014593112999999960e+02,-2.484562849000000142e+02,3.234007479999999646e+01,-7.729999999999999513e-05,-3.287518753199774491e+00
-1.994625101999999970e+02,-2.484072999999999922e+02,3.236831819999999738e+01,-9.490000000000000280e-05,-3.282312440132960418e+00
-1.974657139999999913e+02,-2.483586941000000081e+02,3.239631930000000182e+01,-1.139000000000000038e-04,-3.277617042246236956e+00
-1.954688851999999883e+02,-2.483105435999999884e+02,3.242408060000000347e+01,-1.353000000000000090e-04,-3.273510311995263766e+00
-1.934720514999999921e+02,-2.482629330000000039e+02,3.245160450000000196e+01,-1.563000000000000045e-04,-3.270076666454926340e+00
-1.914752148999999974e+02,-2.482159459000000084e+02,3.247889359999999925e+01,-1.768999999999999902e-04,-3.267323904128681455e+00
-1.894783421999999860e+02,-2.481696641999999997e+02,3.250595009999999974e+01,-1.978000000000000103e-04,-3.264743778938970387e+00
-1.874814588000000128e+02,-2.481241716000000110e+02,3.253277649999999710e+01,-2.186000000000000009e-04,-3.263085916363288153e+00
-1.854845678000000078e+02,-2.480795514000000139e+02,3.255937500000000284e+01,-2.393999999999999915e-04,-3.262433707046904274e+00
-1.834876366999999959e+02,-2.480358857999999884e+02,3.258574810000000355e+01,-2.602999999999999845e-04,-3.262870178881904781e+00
-1.814906903000000113e+02,-2.479932584999999960e+02,3.261189790000000244e+01,-2.811000000000000022e-04,-3.264478278388057930e+00
-1.794937315999999896e+02,-2.479517529000000025e+02,3.263782669999999797e+01,-3.020000000000000223e-04,-3.266947683286311133e+00
-1.774967302000000018e+02,-2.479114513000000102e+02,3.266353680000000281e+01,-3.227999999999999858e-04,-3.270405711140975225e+00
-1.754997104999999920e+02,-2.478724377000000061e+02,3.268903029999999887e+01,-3.437000000000000059e-04,-3.275285371019060587e+00
-1.735026741000000072e+02,-2.478347950000000139e+02,3.271430929999999648e+01,-3.644000000000000212e-04,-3.281668821327043073e+00
-1.715055939000000080e+02,-2.477986059000000125e+02,3.273937600000000003e+01,-3.854999999999999920e-04,-3.289638542680975331e+00
-1.695084951999999987e+02,-2.477639546000000053e+02,3.276423249999999854e+01,-4.064000000000000121e-04,-3.299276723424989566e+00
-1.675113771000000042e+02,-2.477309244999999862e+02,3.278888100000000350e+01,-4.270999999999999732e-04,-3.309967057404388235e+00
-1.655142212000000086e+02,-2.476995970000000113e+02,3.281332330000000042e+01,-4.463000000000000062e-04,-3.322459275669538137e+00
-1.635170421999999917e+02,-2.476700523000000089e+02,3.283756160000000079e+01,-4.775000000000000056e-04,-3.336865714926677828e+00
-1.615198340000000030e+02,-2.476424134000000095e+02,3.286159789999999958e+01,-5.192000000000000434e-04,-3.353307577241012805e+00
-1.595226020000000062e+02,-2.476168571999999983e+02,3.288543409999999767e+01,-5.802999999999999565e-04,-3.371959186288389532e+00
-1.575253423000000055e+02,-2.475936154000000045e+02,3.290907229999999828e+01,-6.378999999999999471e-04,-3.392790395086505040e+00
-1.555280410999999958e+02,-2.475729181000000096e+02,3.293251419999999996e+01,-6.930000000000000396e-04,-3.415842195934012615e+00
-1.535307268999999906e+02,-2.475549866000000065e+02,3.277316259999999914e+01,-7.500000000000000156e-04,-3.441787888291018671e+00
-1.515333827000000042e+02,-2.475400472000000036e+02,3.259966370000000069e+01,-8.069000000000000434e-04,-3.470850674391889434e+00
-1.495360119999999995e+02,-2.475283268000000021e+02,3.242581950000000290e+01,-8.635999999999999580e-04,-3.503253469330019687e+00
-1.475386335000000031e+02,-2.475200518999999986e+02,3.225161429999999996e+01,-9.206000000000000424e-04,-3.539217474396325169e+00
-1.455412391000000127e+02,-2.475154498999999930e+02,3.207703020000000294e+01,-9.779000000000000799e-04,-3.578477900526178423e+00
-1.435438351999999895e+02,-2.475147490999999889e+02,3.190204840000000175e+01,-1.035300000000000066e-03,-3.621581598833479632e+00
-1.415464423999999894e+02,-2.475181787999999869e+02,3.172664699999999982e+01,-1.092700000000000051e-03,-3.668932604310232382e+00
-1.395490555000000086e+02,-2.475259681000000000e+02,3.155081129999999945e+01,-1.150699999999999943e-03,-3.720754131294258027e+00
-1.375516930000000002e+02,-2.475383480000000134e+02,3.137452400000000097e+01,-1.209100000000000062e-03,-3.777270075710156494e+00
-1.355543767000000059e+02,-2.475555507999999918e+02,3.119774870000000178e+01,-1.266299999999999934e-03,-3.838704615827425837e+00
-1.335571099000000004e+02,-2.475778045000000134e+02,3.102041630000000083e+01,-1.319599999999999983e-03,-3.904701383440679852e+00
-1.315598832000000016e+02,-2.476053224000000057e+02,3.084244800000000097e+01,-1.368099999999999915e-03,-3.976055379431216785e+00
-1.295627634999999884e+02,-2.476382804000000135e+02,3.066348860000000087e+01,-1.387699999999999958e-03,-4.052945857653273976e+00
-1.275657432000000000e+02,-2.476767629999999940e+02,3.048347910000000027e+01,-1.354600000000000075e-03,-4.135448904731094721e+00
-1.255688092999999981e+02,-2.477206435999999883e+02,3.030183129999999991e+01,-1.272700000000000090e-03,-4.223429839447623735e+00
-1.235720043999999973e+02,-2.477695353000000011e+02,3.011796890000000104e+01,-1.080800000000000033e-03,-4.060422080459781924e+00
-1.215752703999999937e+02,-2.478227395000000115e+02,2.993062150000000088e+01,-8.920999999999999460e-04,-3.888828474802480617e+00
-1.195787123000000065e+02,-2.478794995000000085e+02,2.973981129999999951e+01,-7.062000000000000352e-04,-3.720542613341014437e+00
-1.175821531999999934e+02,-2.479390833999999870e+02,2.954555660000000117e+01,-5.287999999999999515e-04,-3.554985273840499893e+00
-1.155856998000000004e+02,-2.480007745999999997e+02,2.934793589999999952e+01,-3.502000000000000013e-04,-3.391576749866944684e+00
-1.135893521999999933e+02,-2.480638601999999935e+02,2.914691889999999930e+01,-1.697000000000000049e-04,-3.229617288269498676e+00
-1.115929318999999964e+02,-2.481276172000000031e+02,2.894246850000000038e+01,2.449999999999999921e-05,-3.068377636776676631e+00
-1.095965664000000004e+02,-2.481912847000000113e+02,2.873651329999999859e+01,1.699000000000000098e-04,-2.972889242992887926e+00
-1.076001894999999990e+02,-2.482542794000000015e+02,2.853010499999999894e+01,2.690999999999999816e-04,-3.043457834507676374e+00
-1.056037775000000067e+02,-2.483162725999999907e+02,2.832219239999999871e+01,2.476000000000000011e-04,-3.112751126139098101e+00
-1.036073506999999978e+02,-2.483772777000000076e+02,2.811247009999999946e+01,2.269999999999999882e-04,-3.180839808047659201e+00
-1.016107973000000015e+02,-2.484373802000000069e+02,2.790091359999999909e+01,2.077000000000000070e-04,-3.248155082312954800e+00
-9.961433209999999860e+01,-2.484966459000000043e+02,2.768750070000000107e+01,1.970999999999999933e-04,-3.314755606590139791e+00
-9.761779369999999290e+01,-2.485551275999999916e+02,2.747228570000000047e+01,1.836999999999999929e-04,-3.380687537883190874e+00
-9.562116659999999513e+01,-2.486128790999999865e+02,2.725519949999999980e+01,1.677000000000000105e-04,-3.445999738896075471e+00
-9.362463019999999858e+01,-2.486699605999999960e+02,2.703617589999999993e+01,1.485000000000000046e-04,-3.510324769764720632e+00
-9.162802600000000552e+01,-2.487264486999999917e+02,2.681513920000000084e+01,1.432999999999999866e-04,-3.573936686418831776e+00
-8.963136049999999955e+01,-2.487823653000000093e+02,2.659224710000000158e+01,1.515999999999999986e-04,-3.637092621297797645e+00
-8.763475730000000397e+01,-2.488376500999999905e+02,2.636793829999999872e+01,2.015999999999999943e-04,-3.699726427652881622e+00
-8.563809369999999888e+01,-2.488921320999999978e+02,2.614215889999999831e+01,2.513999999999999850e-04,-3.761662250258203333e+00
-8.364138219999999535e+01,-2.489456120000000112e+02,2.591485159999999865e+01,3.011000000000000005e-04,-3.822696584707291567e+00
-8.164468949999999836e+01,-2.489978916000000027e+02,2.568592789999999937e+01,3.475999999999999923e-04,-3.882152258519188326e+00
-7.964794229999999686e+01,-2.490487852999999916e+02,2.545533899999999861e+01,3.952000000000000109e-04,-3.940205592628823972e+00
-7.765112399999999582e+01,-2.490981036000000017e+02,2.522303139999999999e+01,4.436999999999999972e-04,-3.996788773901408742e+00
-7.565431300000000192e+01,-2.491456517000000019e+02,2.498893169999999841e+01,4.912999999999999616e-04,-4.051703047163350391e+00
-7.365743530000000305e+01,-2.491912405999999862e+02,2.475297430000000176e+01,5.391000000000000392e-04,-4.104756357341940110e+00
-7.166048240000000646e+01,-2.492346795999999927e+02,2.451508989999999955e+01,5.871000000000000133e-04,-4.155751747673304131e+00
-6.966352779999999711e+01,-2.492757759000000135e+02,2.427520379999999989e+01,6.350000000000000392e-04,-4.203940734042961758e+00
-6.766650129999999308e+01,-2.493143396000000109e+02,2.403323920000000058e+01,6.828999999999999567e-04,-4.249698908073161974e+00
-6.566939899999999852e+01,-2.493501795999999899e+02,2.378911529999999885e+01,7.309000000000000392e-04,-4.292832859937555590e+00
-6.367229240000000345e+01,-2.493831032999999877e+02,2.354274699999999854e+01,7.787999999999999567e-04,-4.333147533632875970e+00
-6.167511559999999804e+01,-2.494129203999999902e+02,2.329404699999999906e+01,8.268999999999999875e-04,-4.370451202969114490e+00
-5.967786879999999883e+01,-2.494394390999999871e+02,2.304292279999999948e+01,8.752000000000000231e-04,-4.404381214770476838e+00
-5.768062009999999873e+01,-2.494624665999999991e+02,2.278926750000000112e+01,9.223999999999999777e-04,-4.434543391770613852e+00
-5.568331479999999800e+01,-2.494818142000000023e+02,2.253298819999999836e+01,9.709000000000000182e-04,-4.461123562467879999e+00
-5.368595549999999861e+01,-2.494972884000000022e+02,2.227398669999999825e+01,1.020800000000000093e-03,-4.483927209879245979e+00
-5.168860610000000122e+01,-2.495086841000000106e+02,2.201222569999999834e+01,1.080100000000000070e-03,-4.502748043366488595e+00
-4.969121539999999726e+01,-2.495157658999999910e+02,2.174779859999999942e+01,1.165999999999999936e-03,-4.517350598664014782e+00
-4.769380149999999929e+01,-2.495181923000000097e+02,2.148090529999999987e+01,1.293199999999999992e-03,-4.527017261815752036e+00
-4.569639490000000137e+01,-2.495149379000000067e+02,2.121790659999999917e+01,2.237999999999999972e-03,-4.530940362616865613e+00
-4.369917929999999728e+01,-2.495025215000000003e+02,2.096895669999999967e+01,4.499799999999999980e-03,-4.525797190310366425e+00
-4.170192190000000210e+01,-2.494719650000000115e+02,2.074324299999999965e+01,7.972200000000000467e-03,-4.502609565838989525e+00
-3.970635399999999748e+01,-2.494099137000000042e+02,2.053718119999999914e+01,1.100940000000000078e-02,-4.448005792956068127e+00
-3.771219450000000251e+01,-2.493041634999999872e+02,2.034350459999999927e+01,1.311900000000000045e-02,-4.349773114566207077e+00
-3.571985819999999734e+01,-2.491461909999999875e+02,2.015574829999999906e+01,1.439529999999999976e-02,-4.198978238156529486e+00
-3.373464719999999772e+01,-2.489312394000000097e+02,1.997338459999999927e+01,1.561610000000000081e-02,-3.991232691170704339e+00
-3.175564299999999918e+01,-2.486542336999999918e+02,1.979707120000000131e+01,1.693800000000000167e-02,-3.721471521276674910e+00
-2.978853270000000109e+01,-2.483106387999999924e+02,1.962760589999999894e+01,1.837870000000000129e-02,-3.385194661738617050e+00
-2.783323620000000176e+01,-2.478945522999999866e+02,1.946604059999999947e+01,1.997080000000000036e-02,-2.976617905405203324e+00
-2.589736909999999881e+01,-2.474010457999999915e+02,1.931307939999999945e+01,2.166459999999999914e-02,-2.489732552127784437e+00
-2.398718189999999950e+01,-2.468250323000000037e+02,1.916890150000000048e+01,2.338490000000000013e-02,-1.921203439224032472e+00
-2.210055230000000037e+01,-2.461582616999999971e+02,1.903712330000000108e+01,2.560149999999999926e-02,-1.341187829822079403e+00
-2.025505270000000024e+01,-2.453976748000000043e+02,1.891625300000000109e+01,2.759860000000000091e-02,-8.330684796436230721e-01
-1.845580010000000115e+01,-2.445377478999999994e+02,1.879867630000000034e+01,2.852309999999999915e-02,-2.243200708552624545e-01
-1.670320260000000090e+01,-2.435696795000000066e+02,1.872612360000000109e+01,3.526200000000000168e-02,5.061312169273041173e-01
-1.503034590000000037e+01,-2.424862459000000001e+02,1.865870440000000130e+01,3.629219999999999668e-02,1.354651782917870140e+00
-1.343576859999999940e+01,-2.412835675000000037e+02,1.859241469999999907e+01,2.948999999999999885e-02,2.333609499517137031e+00
-1.191127999999999965e+01,-2.399811933999999951e+02,1.847531539999999950e+01,2.989709999999999937e-02,3.420909105397955674e+00
-1.049356419999999979e+01,-2.386078191000000004e+02,1.847531539999999950e+01,4.687449999999999950e-02,3.962537785233004595e+00
-9.190442300000000841e+00,-2.370982419999999991e+02,1.847531539999999950e+01,4.484520000000000173e-02,2.634563461565442299e+00
-8.019544200000000345e+00,-2.354662002000000030e+02,1.848935129999999916e+01,3.585839999999999861e-02,1.472060627357358431e+00
-6.972527099999999756e+00,-2.337512254000000098e+02,1.856498480000000129e+01,3.778120000000000089e-02,4.348688099328272272e-01
-6.066931099999999688e+00,-2.319838420000000099e+02,1.862497079999999983e+01,3.503169999999999895e-02,-4.662442910349913761e-01
-5.281373999999999569e+00,-2.301466876000000070e+02,1.870218390000000142e+01,2.958550000000000069e-02,-1.241440377213813173e+00
-4.606844399999999951e+00,-2.282659256999999968e+02,1.881502210000000019e+01,2.720370000000000080e-02,-1.905960686248555191e+00
-4.035626299999999667e+00,-2.263515333999999939e+02,1.894138739999999999e+01,2.532749999999999932e-02,-2.467228550911357399e+00
-3.561771300000000195e+00,-2.244113163000000100e+02,1.907758490000000151e+01,2.258740000000000053e-02,-2.931403465727700386e+00
-3.175996200000000158e+00,-2.224514364999999998e+02,1.922969259999999991e+01,2.022849999999999995e-02,-3.307503681857125510e+00
-2.869729799999999997e+00,-2.204774324999999919e+02,1.939491350000000125e+01,1.803890000000000007e-02,-3.603914343066863424e+00
-2.634783500000000167e+00,-2.184938790999999867e+02,1.957203379999999981e+01,1.581710000000000060e-02,-3.851477859029234008e+00
-2.462605400000000166e+00,-2.165033988000000136e+02,1.976134079999999926e+01,1.367340000000000048e-02,-4.049487691513438570e+00
-2.344914600000000071e+00,-2.145098768000000007e+02,1.996235220000000155e+01,1.159469999999999945e-02,-4.193123255692040807e+00
-2.273440499999999975e+00,-2.125134590000000117e+02,2.017184629999999856e+01,9.624799999999999328e-03,-4.290438984100207520e+00
-2.240280999999999967e+00,-2.105162128000000052e+02,2.037619910000000090e+01,7.371199999999999627e-03,-4.349270370817982290e+00
-2.236502799999999791e+00,-2.085196521999999959e+02,2.057554719999999904e+01,4.919599999999999668e-03,-4.378811411826300848e+00
-2.252273600000000098e+00,-2.065222795999999903e+02,2.077010699999999943e+01,2.303899999999999785e-03,-4.388908556517472803e+00
-2.277627400000000080e+00,-2.045252131000000020e+02,2.096008020000000016e+01,1.033800000000000083e-03,-4.389517465920491190e+00
-2.307159400000000193e+00,-2.025280706000000066e+02,2.114565539999999899e+01,5.402999999999999600e-04,-4.386048885321561563e+00
-2.339069799999999866e+00,-2.005309204000000136e+02,2.132700919999999911e+01,5.228999999999999707e-04,-4.379877094197408560e+00
-2.373065899999999839e+00,-1.985338058000000103e+02,2.150430730000000068e+01,5.054999999999999815e-04,-4.371589988347427180e+00
-2.409078200000000169e+00,-1.965367402999999911e+02,2.167770519999999834e+01,4.880999999999999922e-04,-4.361385290067319787e+00
-2.447037700000000093e+00,-1.945396958999999981e+02,2.184734920000000002e+01,4.707000000000000029e-04,-4.349332777577518350e+00
-2.486874699999999994e+00,-1.925426892000000123e+02,2.201337729999999837e+01,4.533000000000000137e-04,-4.335502714066969965e+00
-2.528519600000000089e+00,-1.905457328999999902e+02,2.217591940000000150e+01,4.359000000000000244e-04,-4.319860900392574976e+00
-2.571903499999999898e+00,-1.885487987999999859e+02,2.233509859999999847e+01,4.184999999999999810e-04,-4.302124610997992704e+00
-2.616956800000000083e+00,-1.865519030000000100e+02,2.249103089999999838e+01,4.010999999999999917e-04,-4.282817791085735237e+00
-2.663609500000000185e+00,-1.845550576999999919e+02,2.264382639999999824e+01,3.837000000000000024e-04,-4.262011225557952088e+00
-2.711793099999999956e+00,-1.825582340999999928e+02,2.279358949999999950e+01,3.667000000000000229e-04,-4.239774994379270190e+00
-2.761438800000000082e+00,-1.805614477000000022e+02,2.294041909999999973e+01,3.485000000000000142e-04,-4.216179168555692414e+00
-2.812474100000000199e+00,-1.785647084999999947e+02,2.308440919999999963e+01,3.289999999999999739e-04,-4.190962200719391184e+00
-2.864819999999999922e+00,-1.765679897999999923e+02,2.322564940000000178e+01,3.057000000000000038e-04,-4.164296679402212042e+00
-2.918385100000000065e+00,-1.745713058999999987e+02,2.336422470000000118e+01,2.827999999999999893e-04,-4.136512858441289353e+00
-2.973078000000000110e+00,-1.725746626000000106e+02,2.350021630000000172e+01,2.600999999999999797e-04,-4.107703728333989446e+00
-3.028808499999999793e+00,-1.705780355999999927e+02,2.363370150000000081e+01,2.372999999999999947e-04,-4.077961810171658819e+00
-3.085485499999999881e+00,-1.685814367000000118e+02,2.376475410000000110e+01,2.145000000000000097e-04,-4.067453244286059366e+00
-3.143017599999999856e+00,-1.665848732999999982e+02,2.389344480000000104e+01,1.916999999999999976e-04,-4.081260212885561067e+00
-3.201314800000000016e+00,-1.645883195000000114e+02,2.401984080000000077e+01,1.689999999999999879e-04,-4.094408842951807515e+00
-3.260285699999999842e+00,-1.625917871999999988e+02,2.414404779999999917e+01,1.462000000000000029e-04,-4.106989182848945319e+00
-3.319839200000000101e+00,-1.605952829999999949e+02,2.426634119999999939e+01,1.233999999999999908e-04,-4.118825147860022184e+00
-3.379885199999999923e+00,-1.585987809000000084e+02,2.438676930000000098e+01,1.006000000000000058e-04,-4.128849480081833612e+00
-3.440332199999999840e+00,-1.566022927999999865e+02,2.450537870000000140e+01,7.779999999999999373e-05,-4.138366449296420058e+00
-3.501089200000000012e+00,-1.546058248999999876e+02,2.462221399999999960e+01,5.500000000000000196e-05,-4.147678446870707525e+00
-3.562066000000000177e+00,-1.526093509000000097e+02,2.473731839999999949e+01,3.219999999999999664e-05,-4.156875773709816535e+00
-3.623171199999999814e+00,-1.506128830000000107e+02,2.485073320000000052e+01,9.399999999999999786e-06,-4.166048717814198277e+00
-3.684313799999999972e+00,-1.486164267999999993e+02,2.496249840000000120e+01,-1.329999999999999972e-05,-4.175252220046093754e+00
-3.745403599999999944e+00,-1.466199561999999901e+02,2.507265250000000023e+01,-3.610000000000000334e-05,-4.184067672075725497e+00
-3.806349299999999936e+00,-1.446234834999999919e+02,2.518123260000000130e+01,-5.890000000000000189e-05,-4.193131869459544525e+00
-3.867059699999999989e+00,-1.426270140999999967e+02,2.528827449999999999e+01,-8.169999999999999366e-05,-4.202535046552824838e+00
-3.927444700000000122e+00,-1.406305220000000133e+02,2.539381279999999919e+01,-1.045000000000000058e-04,-4.212367438738801262e+00
-3.987412899999999816e+00,-1.386340197000000103e+02,2.549788080000000079e+01,-1.273000000000000043e-04,-4.222719196319079771e+00
-4.046873299999999674e+00,-1.366375127000000020e+02,2.560051089999999974e+01,-1.500999999999999893e-04,-4.233404630081869513e+00
-4.105735700000000321e+00,-1.346409750999999915e+02,2.570173429999999826e+01,-1.727999999999999990e-04,-4.244495027201685922e+00
-4.163908799999999744e+00,-1.326444198000000085e+02,2.580158099999999877e+01,-1.956000000000000111e-04,-4.256377929515240410e+00
-4.221301399999999759e+00,-1.306478523000000109e+02,2.590008040000000022e+01,-2.183999999999999960e-04,-4.269143342411847897e+00
-4.277823399999999943e+00,-1.286512470000000121e+02,2.599726060000000061e+01,-2.412000000000000081e-04,-4.282881245323431507e+00
-4.333383399999999774e+00,-1.266546172999999982e+02,2.609314910000000154e+01,-2.640000000000000202e-04,-4.297635186577573485e+00
-4.387890399999999858e+00,-1.246579689999999943e+02,2.618777220000000128e+01,-2.866999999999999757e-04,-4.269630105660732866e+00
-4.441254299999999766e+00,-1.226612767000000019e+02,2.628115580000000051e+01,-3.094999999999999878e-04,-4.242397969018028903e+00
-4.493383500000000197e+00,-1.206645546000000024e+02,2.637332470000000129e+01,-3.322999999999999999e-04,-4.216407208613297541e+00
-4.544187199999999649e+00,-1.186678086000000008e+02,2.646430300000000102e+01,-3.550000000000000096e-04,-4.191842555807008708e+00
-4.593575900000000267e+00,-1.166710139000000055e+02,2.655411429999999839e+01,-3.768999999999999998e-04,-4.168795865718916360e+00
-4.641462399999999988e+00,-1.146741861999999941e+02,2.664278120000000172e+01,-3.943999999999999915e-04,-4.147356051891217810e+00
-4.687775799999999826e+00,-1.126773313999999999e+02,2.673032579999999925e+01,-4.082000000000000016e-04,-4.127463406046572914e+00
-4.732465099999999758e+00,-1.106804283000000027e+02,2.681676949999999948e+01,-4.144999999999999921e-04,-4.108846462205694827e+00
-4.775499700000000125e+00,-1.086834939999999960e+02,2.690213329999999914e+01,-4.262000000000000055e-04,-4.091988083617083660e+00
-4.816834199999999733e+00,-1.066865248999999949e+02,2.698643720000000101e+01,-4.411999999999999906e-04,-4.076935286575804618e+00
-4.856408899999999917e+00,-1.046895164000000022e+02,2.706970109999999963e+01,-4.560999999999999733e-04,-4.063749221575407411e+00
-4.894165100000000379e+00,-1.026924723999999998e+02,2.715194400000000030e+01,-4.679999999999999915e-04,-4.052489630583508529e+00
-4.930054400000000392e+00,-1.006953958999999941e+02,2.723318450000000013e+01,-4.782000000000000226e-04,-4.042823422859120441e+00
-4.964035800000000442e+00,-9.869828320000000588e+01,2.731344079999999863e+01,-4.889000000000000117e-04,-4.034955036663822270e+00
-4.996067000000000036e+00,-9.670113920000000007e+01,2.739273040000000137e+01,-4.993999999999999958e-04,-4.029144357216450700e+00
-5.026106000000000407e+00,-9.470396780000000092e+01,2.747107060000000089e+01,-5.098000000000000318e-04,-4.025433963431011009e+00
-5.054111299999999751e+00,-9.270676240000000234e+01,2.754847799999999935e+01,-5.203000000000000159e-04,-4.023865755339958383e+00
-5.080040900000000192e+00,-9.070952990000000682e+01,2.762496900000000011e+01,-5.308000000000000001e-04,-4.024443527842142210e+00
-5.103853100000000254e+00,-8.871227460000000065e+01,2.770055920000000071e+01,-5.412999999999999843e-04,-4.026682175142352271e+00
-5.125505999999999673e+00,-8.671499009999999430e+01,2.766618899999999925e+01,-5.517000000000000202e-04,-4.031188578602972861e+00
-5.144957800000000248e+00,-8.471768409999999960e+01,2.745452660000000122e+01,-5.622000000000000044e-04,-4.038004283237595970e+00
-5.162166599999999939e+00,-8.272036099999999692e+01,2.724123630000000063e+01,-5.726999999999999886e-04,-4.047170471776873946e+00
-5.177090699999999934e+00,-8.072301489999999546e+01,2.702627640000000042e+01,-5.831999999999999728e-04,-4.058727920440557746e+00
-5.189688300000000254e+00,-7.872565380000000346e+01,2.680960310000000035e+01,-5.936999999999999569e-04,-4.072428161865572882e+00
-5.199917300000000075e+00,-7.672828289999999640e+01,2.659117140000000035e+01,-6.040999999999999929e-04,-4.088298406116477324e+00
-5.207736099999999979e+00,-7.473089620000000366e+01,2.637093390000000070e+01,-6.145999999999999771e-04,-4.106685743026960544e+00
-5.213102799999999704e+00,-7.273350259999999423e+01,2.614884160000000080e+01,-6.250999999999999612e-04,-4.127630399652113979e+00
-5.215975399999999595e+00,-7.073610779999999920e+01,2.592484669999999980e+01,-6.356000000000000538e-04,-4.151172232928242778e+00
-5.216312099999999674e+00,-6.873870589999999936e+01,2.569889609999999891e+01,-6.461000000000000380e-04,-4.177350747369091621e+00
-5.214071099999999959e+00,-6.674130540000000167e+01,2.547093399999999974e+01,-6.566000000000000222e-04,-4.205700080968826526e+00
-5.209210599999999580e+00,-6.474391509999999528e+01,2.524090239999999952e+01,-6.643999999999999949e-04,-4.236705992677067378e+00
-5.201710699999999576e+00,-6.274652770000000146e+01,2.500871499999999870e+01,-6.505999999999999847e-04,-4.270452738173940332e+00
-5.191625499999999782e+00,-6.074916739999999749e+01,2.477410420000000002e+01,-5.946999999999999812e-04,-4.306882935077052998e+00
-5.179170499999999677e+00,-5.875180360000000235e+01,2.453661010000000076e+01,-5.138000000000000206e-04,-4.292331930936289730e+00
-5.164656500000000428e+00,-5.675447439999999943e+01,2.429593699999999856e+01,-4.506000000000000023e-04,-4.277262868974036181e+00
-5.148344100000000090e+00,-5.475715149999999909e+01,2.405218109999999854e+01,-3.894999999999999808e-04,-4.263787743104667349e+00
-5.130477199999999627e+00,-5.275980429999999899e+01,2.380528959999999827e+01,-3.297999999999999933e-04,-4.251967216429735963e+00
-5.111295100000000424e+00,-5.076251510000000167e+01,2.355519900000000177e+01,-2.700000000000000035e-04,-4.241564585983034874e+00
-5.091035699999999942e+00,-4.876522539999999850e+01,2.330182870000000150e+01,-2.102999999999999889e-04,-4.232341737786559754e+00
-5.069937200000000033e+00,-4.676791060000000044e+01,2.304509350000000012e+01,-1.504999999999999990e-04,-4.224061255497667311e+00
-5.048238800000000026e+00,-4.477064759999999666e+01,2.278490289999999874e+01,-9.069999999999999558e-05,-4.215979191670939485e+00
-5.026178500000000327e+00,-4.277337680000000120e+01,2.252116029999999824e+01,-3.089999999999999892e-05,-4.208292248520574041e+00
-5.003994500000000123e+00,-4.077607340000000136e+01,2.225376400000000032e+01,2.879999999999999870e-05,-4.200831407479638457e+00
-4.981926200000000193e+00,-3.877881500000000159e+01,2.198357989999999873e+01,8.890000000000000604e-05,-4.198259031472531433e+00
-4.960212099999999680e+00,-3.678153840000000230e+01,2.171049839999999875e+01,1.482999999999999997e-04,-4.219829319544315283e+00
-4.939089300000000016e+00,-3.478422410000000298e+01,2.143438409999999905e+01,2.077000000000000070e-04,-4.240911210682150490e+00
-4.918797600000000436e+00,-3.278694680000000261e+01,2.115512179999999987e+01,2.707000000000000205e-04,-4.261263514834637611e+00
-4.899587000000000359e+00,-3.078964429999999908e+01,2.087259829999999994e+01,3.388999999999999977e-04,-4.280634927488599750e+00
-4.881728400000000079e+00,-2.879229899999999986e+01,2.058667519999999840e+01,4.102999999999999985e-04,-4.298584559873245503e+00
-4.865506100000000167e+00,-2.679498549999999923e+01,2.029716700000000174e+01,4.802000000000000170e-04,-4.314605934116580777e+00
-4.851263799999999904e+00,-2.479763349999999988e+01,2.000593110000000152e+01,8.228999999999999987e-04,-4.328748399641101585e+00
-4.840325700000000175e+00,-2.280026649999999933e+01,1.971547819999999973e+01,1.536000000000000039e-03,-4.339687132364797861e+00
-4.836503300000000394e+00,-2.080300139999999942e+01,1.943868979999999880e+01,4.052499999999999679e-03,-4.343609347003551946e+00
-4.848899799999999871e+00,-1.880623170000000144e+01,1.917703020000000080e+01,6.825799999999999923e-03,-4.331406560089627433e+00
-4.888543099999999697e+00,-1.680879339999999900e+01,1.893050720000000098e+01,9.648999999999999591e-03,-4.291680917762870529e+00
-4.966068100000000207e+00,-1.481372630000000079e+01,1.869166870000000102e+01,1.145909999999999984e-02,-4.214007961323219753e+00
-5.089292900000000230e+00,-1.282007340000000006e+01,1.846078239999999937e+01,1.334439999999999932e-02,-4.090715323197774644e+00
-5.265709099999999587e+00,-1.082963589999999954e+01,1.823829010000000039e+01,1.532850000000000011e-02,-3.914295048436012614e+00
-5.502918099999999590e+00,-8.846568200000000104e+00,1.802477680000000149e+01,1.743050000000000155e-02,-3.673177836190256951e+00
-5.809135699999999680e+00,-6.872322800000000065e+00,1.782030639999999977e+01,1.957069999999999990e-02,-3.357508944974977538e+00
-6.192133799999999688e+00,-4.912443800000000138e+00,1.762516809999999978e+01,2.177919999999999856e-02,-2.965057822056783365e+00
-6.660436299999999754e+00,-2.969838900000000059e+00,1.744090290000000110e+01,2.424019999999999994e-02,-2.487633016762072380e+00
-7.222195499999999768e+00,-1.052440100000000101e+00,1.726711249999999964e+01,2.665400000000000061e-02,-1.916724544488863868e+00
-7.884316000000000102e+00,8.297932000000000086e-01,1.710400149999999897e+01,2.910710000000000033e-02,-1.246239048283703132e+00
-8.656330799999999215e+00,2.673427699999999962e+00,1.695541150000000030e+01,3.215239999999999765e-02,-4.652554204386591397e-01
-9.544537099999999441e+00,4.462083100000000080e+00,1.682917630000000031e+01,3.638919999999999655e-02,4.351997381906005380e-01
-1.055968829999999947e+01,6.179947399999999647e+00,1.673420480000000055e+01,4.193920000000000287e-02,1.455852512089197193e+00
-1.171446339999999964e+01,7.813542199999999660e+00,1.663900620000000075e+01,4.086130000000000317e-02,2.499743198343260531e+00
-1.300554409999999983e+01,9.352627699999999322e+00,1.656548889999999830e+01,4.642940000000000261e-02,3.588287622466944882e+00
-1.441748779999999996e+01,1.074569510000000072e+01,1.656548889999999830e+01,5.830579999999999791e-02,4.309593485161001603e+00
-1.597471950000000085e+01,1.199049399999999999e+01,1.656548889999999830e+01,2.571649999999999978e-02,3.746303656118333159e+00
-1.759382520000000127e+01,1.313902619999999999e+01,1.676645290000000088e+01,2.547980000000000037e-02,2.833813988582415178e+00
-1.928729819999999862e+01,1.421510980000000046e+01,1.696270279999999886e+01,3.256540000000000129e-02,1.743416986341863595e+00
-2.104004799999999875e+01,1.517773580000000067e+01,1.710845409999999944e+01,2.961329999999999865e-02,7.662149062710245095e-01
-2.284126780000000068e+01,1.603219999999999956e+01,1.726821400000000040e+01,2.724309999999999926e-02,-1.117026616088021979e-01
-2.468676220000000043e+01,1.678830059999999946e+01,1.743819949999999963e+01,2.428719999999999837e-02,-8.772785892699983545e-01
-2.657547840000000150e+01,1.745648130000000009e+01,1.762223799999999940e+01,2.304789999999999964e-02,-1.560277963568027282e+00
-2.848381309999999900e+01,1.803468670000000174e+01,1.780917219999999901e+01,2.131090000000000068e-02,-2.154136119311947262e+00
-3.041919749999999922e+01,1.853221710000000044e+01,1.800245160000000055e+01,1.979529999999999831e-02,-2.668375431655792607e+00
-3.237414739999999824e+01,1.895299530000000132e+01,1.820075119999999913e+01,1.858380000000000101e-02,-3.105765662723363185e+00
-3.434052280000000223e+01,1.930045660000000041e+01,1.840219000000000094e+01,1.738200000000000162e-02,-3.469675591275351856e+00
-3.631970259999999939e+01,1.957962480000000127e+01,1.860688139999999891e+01,1.644999999999999934e-02,-3.765593190009365543e+00
-3.830487190000000197e+01,1.979332859999999883e+01,1.881314800000000176e+01,1.572029999999999955e-02,-3.978143055683001972e+00
-4.029764200000000329e+01,1.994528740000000155e+01,1.901976300000000109e+01,1.408700000000000056e-02,-4.123083680854096933e+00
-4.229193870000000288e+01,2.004113690000000148e+01,1.923327250000000177e+01,1.155620000000000085e-02,-4.211983524848450955e+00
-4.428811160000000058e+01,2.009119300000000052e+01,1.945997729999999848e+01,7.933100000000000221e-03,-4.255171991862440883e+00
-4.628539459999999650e+01,2.010970460000000060e+01,1.968119559999999879e+01,4.156100000000000246e-03,-4.266915296016813741e+00
-4.828273209999999693e+01,2.011149239999999949e+01,1.989717900000000128e+01,1.508999999999999925e-03,-4.261697381249446082e+00
-5.028012050000000244e+01,2.010694900000000018e+01,2.010816150000000135e+01,3.365999999999999960e-04,-4.250021566948555041e+00
-5.227751860000000050e+01,2.010049400000000119e+01,2.031409419999999955e+01,1.418000000000000044e-04,-4.236535499223693435e+00
-5.427490439999999694e+01,2.009346749999999915e+01,2.051495290000000082e+01,5.929999999999999806e-05,-4.222580187458651046e+00
-5.627228459999999899e+01,2.008619189999999932e+01,2.071095850000000027e+01,3.490000000000000128e-05,-4.208478880969312108e+00
-5.826967890000000239e+01,2.007877729999999872e+01,2.090231719999999882e+01,1.040000000000000038e-05,-4.194335304159065636e+00
-6.026706360000000018e+01,2.007132109999999869e+01,2.108922129999999839e+01,-1.399999999999999979e-05,-4.179683984756434434e+00
-6.226444339999999755e+01,2.006392080000000178e+01,2.127185120000000040e+01,-3.850000000000000069e-05,-4.165190935450677756e+00
-6.426183810000000562e+01,2.005667400000000100e+01,2.145037560000000099e+01,-6.289999999999999747e-05,-4.150954715473033296e+00
-6.625922450000000197e+01,2.004967800000000011e+01,2.162495320000000021e+01,-8.729999999999999425e-05,-4.137073866453527593e+00
-6.825660700000000247e+01,2.004303060000000158e+01,2.179573299999999847e+01,-1.117999999999999935e-04,-4.123647148992682254e+00
-7.025400510000000054e+01,2.003682900000000089e+01,2.196285539999999870e+01,-1.362000000000000038e-04,-4.110521390102815253e+00
-7.225139579999999739e+01,2.003117080000000172e+01,2.212645279999999914e+01,-1.606000000000000006e-04,-4.097706543049814520e+00
-7.424878320000000542e+01,2.002615349999999950e+01,2.228665030000000158e+01,-1.850999999999999998e-04,-4.085637521293350005e+00
-7.624618619999999680e+01,2.002187449999999913e+01,2.244356600000000057e+01,-2.094999999999999966e-04,-4.074412679544328064e+00
-7.824358189999999524e+01,2.001843140000000076e+01,2.259731179999999995e+01,-2.338999999999999933e-04,-4.064130653819366223e+00
-8.024097410000000252e+01,2.001592169999999982e+01,2.274799379999999971e+01,-2.583999999999999925e-04,-4.054889647909940997e+00
-8.223838109999999801e+01,2.001444270000000003e+01,2.289571240000000074e+01,-2.827999999999999893e-04,-4.046281137293091135e+00
-8.423577980000000309e+01,2.001409200000000155e+01,2.304056339999999992e+01,-3.071999999999999861e-04,-4.038815240497038772e+00
-8.623317339999999831e+01,2.001496699999999862e+01,2.318263729999999967e+01,-3.316999999999999853e-04,-4.032682309102816554e+00
-8.823058120000000315e+01,2.001716509999999971e+01,2.332202080000000066e+01,-3.557000000000000266e-04,-4.027980301874993785e+00
-9.022797520000000304e+01,2.002078240000000164e+01,2.345879610000000071e+01,-3.790999999999999990e-04,-4.024805726462730604e+00
-9.222536209999999812e+01,2.002591200000000171e+01,2.359304159999999939e+01,-4.016000000000000038e-04,-4.023088550706201083e+00
-9.422274799999999573e+01,2.003264760000000066e+01,2.372483240000000038e+01,-4.310000000000000137e-04,-4.022645757609427442e+00
-9.622012379999999609e+01,2.004110119999999995e+01,2.385423979999999844e+01,-4.477999999999999884e-04,-4.024029149529697591e+00
-9.821750269999999716e+01,2.005133710000000136e+01,2.398133229999999827e+01,-4.461000000000000013e-04,-4.027302978812495660e+00
-1.002148578000000043e+02,2.006334670000000031e+01,2.410617519999999914e+01,-4.336000000000000227e-04,-4.032458416194449669e+00
-1.022122123999999985e+02,2.007708600000000132e+01,2.422905009999999848e+01,-4.200000000000000174e-04,-4.039450855693416109e+00
-1.042095594999999975e+02,2.009250109999999978e+01,2.435004500000000149e+01,-4.066000000000000170e-04,-4.047808608151290954e+00
-1.062068819999999931e+02,2.010953860000000049e+01,2.446920709999999843e+01,-3.939999999999999817e-04,-4.057714915651147614e+00
-1.082041971000000018e+02,2.012814759999999836e+01,2.458658159999999882e+01,-3.789999999999999966e-04,-4.069300282089653109e+00
-1.102014994000000030e+02,2.014826800000000162e+01,2.470221220000000173e+01,-3.606999999999999855e-04,-4.082503729689213046e+00
-1.121987771999999950e+02,2.016982309999999856e+01,2.481614069999999828e+01,-3.350000000000000113e-04,-4.097247293784654687e+00
-1.141960495000000009e+02,2.019271459999999863e+01,2.492840749999999872e+01,-3.087000000000000226e-04,-4.113364986636979026e+00
-1.161933068999999961e+02,2.021683760000000163e+01,2.503905149999999935e+01,-2.823999999999999796e-04,-4.130297942567791480e+00
-1.181905450999999942e+02,2.024208760000000140e+01,2.514811020000000141e+01,-2.568000000000000079e-04,-4.148464143668860515e+00
-1.201877719999999954e+02,2.026836210000000094e+01,2.525562000000000040e+01,-2.311000000000000066e-04,-4.167759558638649331e+00
-1.221849892999999980e+02,2.029555840000000089e+01,2.536161560000000037e+01,-2.049999999999999956e-04,-4.188079945383025304e+00
-1.241821900000000056e+02,2.032357259999999854e+01,2.546613089999999957e+01,-1.791999999999999919e-04,-4.209319708219101841e+00
-1.261793840999999929e+02,2.035230179999999933e+01,2.556919849999999883e+01,-1.533999999999999882e-04,-4.214996190396811393e+00
-1.281765707000000134e+02,2.038164289999999923e+01,2.567084979999999916e+01,-1.275000000000000092e-04,-4.173839313490772085e+00
-1.301737449000000026e+02,2.041149250000000137e+01,2.577111550000000051e+01,-1.016000000000000030e-04,-4.133290334947259836e+00
-1.321709162999999876e+02,2.044174770000000052e+01,2.587002490000000066e+01,-7.579999999999999932e-05,-4.093249160936123232e+00
-1.341680848000000026e+02,2.047230539999999976e+01,2.596760649999999870e+01,-5.000000000000000240e-05,-4.053615894328736147e+00
-1.361652450999999928e+02,2.050306249999999864e+01,2.606388809999999978e+01,-2.400000000000000061e-05,-4.013868280282888001e+00
-1.381624083000000098e+02,2.053391549999999910e+01,2.615889639999999972e+01,1.700000000000000029e-06,-3.974147681406000832e+00
-1.401595719000000031e+02,2.056476190000000059e+01,2.625265729999999920e+01,2.699999999999999899e-05,-3.934523598062523941e+00
-1.421567300000000103e+02,2.059549960000000013e+01,2.634519600000000139e+01,5.390000000000000233e-05,-3.894897308733776153e+00
-1.441538955999999985e+02,2.062602250000000126e+01,2.643653679999999895e+01,7.949999999999999439e-05,-3.855165548992651736e+00
-1.461510721999999873e+02,2.065622880000000094e+01,2.652670339999999882e+01,1.030999999999999988e-04,-3.815209860400015529e+00
-1.481482442999999876e+02,2.068602879999999899e+01,2.661571879999999979e+01,1.168999999999999955e-04,-3.774354560046376150e+00
-1.501454285000000084e+02,2.071536280000000119e+01,2.670360510000000076e+01,1.286000000000000088e-04,-3.757666897661509964e+00
-1.521426257999999905e+02,2.074418409999999824e+01,2.679038410000000070e+01,1.389999999999999905e-04,-3.793526422788786601e+00
-1.541398154999999974e+02,2.077244999999999919e+01,2.687607679999999988e+01,1.506000000000000014e-04,-3.828944414393758766e+00
-1.561370272000000057e+02,2.080011520000000047e+01,2.696070350000000104e+01,1.622000000000000124e-04,-3.863872545038470108e+00
-1.581342512999999883e+02,2.082713359999999980e+01,2.704428419999999988e+01,1.734000000000000135e-04,-3.898262013283583460e+00
-1.601314686999999992e+02,2.085346009999999950e+01,2.712683810000000051e+01,1.846999999999999901e-04,-3.932064844140695126e+00
-1.621287071000000140e+02,2.087904980000000066e+01,2.720838390000000118e+01,1.960999999999999961e-04,-3.964667357639665823e+00
-1.641259597000000099e+02,2.090385729999999853e+01,2.728894010000000137e+01,2.073999999999999997e-04,-3.996560550476551121e+00
-1.661232069000000138e+02,2.092783710000000141e+01,2.736852419999999952e+01,2.188000000000000058e-04,-4.027733859336918520e+00
-1.681204758000000083e+02,2.095094440000000091e+01,2.744715370000000121e+01,2.301000000000000094e-04,-4.058140191783413009e+00
-1.701177589000000125e+02,2.097313370000000177e+01,2.752484529999999907e+01,2.414999999999999883e-04,-4.087732010191030163e+00
-1.721150375999999937e+02,2.099435950000000162e+01,2.760161550000000119e+01,2.527000000000000166e-04,-4.116285712047027090e+00
-1.741123373000000072e+02,2.101457729999999913e+01,2.767748020000000153e+01,2.641000000000000227e-04,-4.143528317201525368e+00
-1.761096516000000065e+02,2.103374140000000025e+01,2.775245509999999882e+01,2.756999999999999794e-04,-4.169822493962002774e+00
-1.781069631999999956e+02,2.105180590000000151e+01,2.782655520000000138e+01,2.865000000000000250e-04,-4.195120454148885791e+00
-1.801042951000000016e+02,2.106872740000000022e+01,2.789979539999999858e+01,2.978999999999999769e-04,-4.219377210471326300e+00
-1.821016372999999930e+02,2.108446029999999993e+01,2.797219009999999884e+01,3.104000000000000097e-04,-4.242545705563797398e+00
-1.840989776000000120e+02,2.109895189999999943e+01,2.804375339999999994e+01,3.285000000000000159e-04,-4.264183910667393995e+00
-1.860963371999999936e+02,2.111213270000000009e+01,2.811449909999999974e+01,3.478999999999999996e-04,-4.281597183944541030e+00
-1.880937067000000127e+02,2.112392529999999979e+01,2.818444050000000090e+01,3.682000000000000051e-04,-4.291712498322923786e+00
-1.900910757999999987e+02,2.113424919999999929e+01,2.825359059999999900e+01,3.876999999999999912e-04,-4.300459989310518871e+00
-1.920884579000000087e+02,2.114302569999999903e+01,2.832196240000000032e+01,4.146999999999999970e-04,-4.307748929689669382e+00
-1.940858483000000092e+02,2.115014460000000085e+01,2.838956819999999936e+01,4.540999999999999789e-04,-4.312930096460253715e+00
-1.960832325000000083e+02,2.115541199999999833e+01,2.845642020000000016e+01,5.712999999999999546e-04,-4.316361135988668885e+00
-1.980806186000000082e+02,2.115839929999999924e+01,2.852253029999999967e+01,7.087000000000000417e-04,-4.317612931772234042e+00
-2.000780292000000031e+02,2.115855540000000090e+01,2.858791019999999961e+01,8.614999999999999611e-04,-4.316134375288214642e+00
-2.020753789999999981e+02,2.115529319999999913e+01,2.865257120000000057e+01,9.775000000000000702e-04,-4.311338117009150928e+00
-2.040727732000000003e+02,2.114813150000000164e+01,2.871652449999999845e+01,1.084099999999999951e-03,-4.302494072275032444e+00
-2.060701693000000034e+02,2.113664650000000123e+01,2.877978080000000105e+01,1.183900000000000100e-03,-4.289114417752486474e+00
-2.080674621999999943e+02,2.112043810000000121e+01,2.884235079999999840e+01,1.285499999999999967e-03,-4.271112147561114014e+00
-2.100647662000000082e+02,2.109910089999999983e+01,2.890424480000000074e+01,1.387299999999999948e-03,-4.248081550597256673e+00
-2.120620093999999938e+02,2.107222940000000122e+01,2.896547320000000170e+01,1.488900000000000032e-03,-4.219618415847876669e+00
-2.140591038999999967e+02,2.103941929999999871e+01,2.902604570000000095e+01,1.590700000000000013e-03,-4.185318966295048959e+00
-2.160561356000000046e+02,2.100026300000000035e+01,2.908597209999999933e+01,1.692600000000000051e-03,-4.144301164200596688e+00
-2.180530275000000131e+02,2.095435519999999840e+01,2.914526190000000128e+01,1.794500000000000088e-03,-4.096533984740437617e+00
-2.200496917000000110e+02,2.090129140000000163e+01,2.920392449999999940e+01,1.896600000000000022e-03,-4.041709411923055661e+00
-2.220461852999999905e+02,2.084066269999999932e+01,2.926196889999999939e+01,1.998699999999999956e-03,-3.992684905465056833e+00
-2.240424219999999877e+02,2.077206400000000031e+01,2.931940420000000103e+01,2.100900000000000163e-03,-3.940117451299152584e+00
-2.260383122000000071e+02,2.069509049999999917e+01,2.937623900000000177e+01,2.203200000000000210e-03,-3.879275101831736183e+00
-2.280338821999999936e+02,2.060933289999999829e+01,2.943248189999999909e+01,2.305600000000000097e-03,-3.809750145994806658e+00
-2.300290353999999979e+02,2.051438630000000174e+01,2.948814139999999995e+01,2.407999999999999984e-03,-3.730994014011838278e+00
-2.320236749999999972e+02,2.040984630000000166e+01,2.954322559999999953e+01,2.510500000000000145e-03,-3.642285890442299223e+00
-2.340177978000000110e+02,2.029530370000000161e+01,2.959774260000000012e+01,2.613100000000000145e-03,-3.543662777425237831e+00
-2.360112938000000042e+02,2.017035440000000079e+01,2.965170039999999929e+01,2.715899999999999825e-03,-3.434719381193975352e+00
-2.380040534000000036e+02,2.003459510000000066e+01,2.970510660000000058e+01,2.818399999999999985e-03,-3.315050772303803850e+00
-2.399960462999999891e+02,1.988761750000000106e+01,2.975796890000000161e+01,2.921200000000000099e-03,-3.184248326208533264e+00
-2.419871455999999910e+02,1.972901930000000092e+01,2.981029470000000003e+01,3.024600000000000118e-03,-3.041908886799368883e+00
-2.439772239000000127e+02,1.955839810000000156e+01,2.986209140000000062e+01,3.126499999999999939e-03,-2.887305525923322680e+00
-2.459662224999999864e+02,1.937535039999999853e+01,2.991336599999999990e+01,3.229399999999999892e-03,-2.720072533188583552e+00
-2.479539991000000043e+02,1.917947579999999874e+01,2.996412570000000031e+01,3.335299999999999810e-03,-2.540063851447509791e+00
-2.499404049999999984e+02,1.897036849999999930e+01,3.001437719999999842e+01,3.435000000000000119e-03,-2.346866777755464817e+00
-2.519253560999999877e+02,1.874763430000000142e+01,3.006412750000000145e+01,3.534400000000000042e-03,-2.191055624807427105e+00
-2.539086766000000068e+02,1.851089329999999933e+01,3.011338310000000007e+01,3.635600000000000116e-03,-2.037641723134482774e+00
-2.558901965999999959e+02,1.825973679999999888e+01,3.016215049999999920e+01,3.790899999999999825e-03,-1.869148700233038252e+00
-2.578697986000000242e+02,1.799357729999999833e+01,3.021043609999999902e+01,3.972200000000000383e-03,-1.685565708866054724e+00
-2.598472123999999894e+02,1.771171160000000100e+01,3.025824629999999971e+01,4.184199999999999899e-03,-1.486269440635338057e+00
-2.618221985000000132e+02,1.741333240000000160e+01,3.030558720000000150e+01,4.390999999999999938e-03,-1.270433232567818482e+00
-2.637944883999999774e+02,1.709764339999999905e+01,3.035246479999999991e+01,4.596600000000000165e-03,-1.037238480549792730e+00
-2.657637942000000066e+02,1.676386039999999866e+01,3.039888510000000110e+01,4.801999999999999845e-03,-7.858756427177414627e-01
-2.677298119999999813e+02,1.641120289999999926e+01,3.044485399999999942e+01,5.009200000000000111e-03,-5.155358242649501488e-01
-2.696922101999999768e+02,1.603889050000000083e+01,3.049037709999999990e+01,5.220800000000000267e-03,-2.254074715181394739e-01
-2.716506069999999795e+02,1.564613420000000055e+01,3.053546010000000166e+01,5.441299999999999609e-03,-4.720358645632991706e-02
-2.736046220000000062e+02,1.523213420000000085e+01,3.058010859999999909e+01,5.617099999999999871e-03,9.937324833925062495e-02
-2.755538452999999777e+02,1.479624480000000020e+01,3.062432799999999844e+01,5.753000000000000301e-03,2.676174001088477139e-01
-2.774979591000000028e+02,1.433800629999999998e+01,3.066812369999999888e+01,5.817199999999999802e-03,4.585180646886681810e-01
-2.794366345000000251e+02,1.385720730000000067e+01,3.071150079999999960e+01,5.877699999999999592e-03,6.723270427329667287e-01
-2.813695293999999762e+02,1.335368120000000047e+01,3.075446459999999860e+01,5.941700000000000280e-03,7.789643319746952788e-01
-2.832962989000000107e+02,1.282725139999999975e+01,3.079702019999999862e+01,6.015900000000000240e-03,8.394081289533303902e-01
-2.852166384999999877e+02,1.227769950000000065e+01,3.083917250000000010e+01,6.085799999999999717e-03,9.232716693178951717e-01
-2.871301012000000128e+02,1.170486129999999925e+01,3.088092650000000106e+01,6.155299999999999834e-03,1.030241689505647207e+00
-2.890364000999999803e+02,1.110853389999999941e+01,3.092228689999999958e+01,6.226399999999999990e-03,1.162196899693145991e+00
-2.909351939000000016e+02,1.048852169999999973e+01,3.096325859999999963e+01,6.308799999999999825e-03,1.264174901751140556e+00
-2.928259160000000065e+02,9.844668000000000418e+00,3.100384620000000169e+01,6.401500000000000072e-03,1.321224301826075642e+00
-2.947083010000000058e+02,9.176667300000000083e+00,3.104405440000000027e+01,6.511900000000000154e-03,1.404131868782320325e+00
-2.965818967999999813e+02,8.484217400000000353e+00,3.108388749999999945e+01,6.623300000000000368e-03,1.513236095547968896e+00
-2.984460305000000062e+02,7.767094400000000398e+00,3.112335009999999968e+01,6.735399999999999894e-03,1.648844501421636632e+00
-3.003004321000000232e+02,7.024925600000000436e+00,3.116244659999999911e+01,6.846800000000000108e-03,1.770781685504852820e+00
-3.021445770000000266e+02,6.257437600000000266e+00,3.120118120000000062e+01,6.960299999999999994e-03,1.829240157683767132e+00
-3.039777050000000145e+02,5.464458900000000341e+00,3.123955829999999878e+01,7.075399999999999918e-03,1.915209255469850769e+00
-3.057995485999999801e+02,4.645606899999999762e+00,3.127758190000000127e+01,7.191399999999999702e-03,2.029591740870666516e+00
-3.076095111999999858e+02,3.800637399999999833e+00,3.131525609999999915e+01,7.308900000000000119e-03,2.172767816068978064e+00
-3.094067570999999930e+02,2.929426100000000144e+00,3.135258509999999887e+01,7.428200000000000254e-03,2.345081526173312003e+00
-3.111909987999999885e+02,2.031585800000000219e+00,3.138957279999999983e+01,7.549100000000000428e-03,2.347336887729915222e+00
-3.129615719000000240e+02,1.106905699999999992e+00,3.142622310000000141e+01,7.671299999999999820e-03,2.349795876217038337e+00
-3.147175669999999741e+02,1.553142000000000134e-01,3.146253979999999828e+01,7.795500000000000346e-03,2.383042927816799494e+00
-3.164586585000000127e+02,-8.235736000000000168e-01,3.149852680000000049e+01,7.921900000000000816e-03,2.447550238425595381e+00
-3.181841223000000127e+02,-1.829935199999999984e+00,3.153418789999999916e+01,8.049799999999999317e-03,2.543768558945253666e+00
-3.198929689000000280e+02,-2.863779899999999934e+00,3.156952659999999966e+01,8.179099999999999912e-03,2.596065177493547260e+00
-3.215848217999999861e+02,-3.925478700000000210e+00,3.160454659999999905e+01,8.308599999999999319e-03,2.602797939564331031e+00
-3.232589017999999896e+02,-5.015165999999999791e+00,3.163925150000000031e+01,8.452799999999999897e-03,2.642209555515888653e+00
-3.249141508999999814e+02,-6.132831000000000365e+00,3.167364480000000171e+01,8.608199999999999880e-03,2.715214694917758464e+00
-3.265500369000000092e+02,-7.278864099999999837e+00,3.170773000000000152e+01,8.778700000000000392e-03,2.822687407923769154e+00
-3.281656628000000069e+02,-8.453468300000000824e+00,3.174151039999999924e+01,8.951600000000000529e-03,2.965233450076874444e+00
-3.297598482000000217e+02,-9.656634699999999683e+00,3.177498960000000139e+01,9.127100000000000837e-03,3.071428613216620196e+00
-3.313319154999999796e+02,-1.088872459999999975e+01,3.180817070000000157e+01,9.305600000000000677e-03,3.129067408474799805e+00
-3.328809069000000136e+02,-1.214990019999999937e+01,3.184105699999999928e+01,9.487799999999999359e-03,3.223349444110375384e+00
-3.344055582999999956e+02,-1.344006609999999924e+01,3.187365180000000109e+01,9.673400000000000401e-03,3.355411355534675177e+00
-3.359050490000000195e+02,-1.475949220000000039e+01,3.190595820000000060e+01,9.862499999999999739e-03,3.526057516334120123e+00
-3.373783599999999865e+02,-1.610829479999999947e+01,3.193797939999999969e+01,1.005520000000000025e-02,3.735945244417278044e+00
-3.388241443000000004e+02,-1.748628069999999823e+01,3.196971849999999904e+01,1.025159999999999960e-02,3.831672953769139855e+00
-3.402414360999999872e+02,-1.889360500000000087e+01,3.200117840000000058e+01,1.045180000000000067e-02,3.809836256862663362e+00
-3.416291448999999716e+02,-2.033031809999999950e+01,3.203236230000000262e+01,1.065540000000000063e-02,3.829258945613827514e+00
-3.429858429999999885e+02,-2.179611050000000105e+01,3.206327300000000236e+01,1.086319999999999994e-02,3.891218654558576073e+00
-3.443104248000000212e+02,-2.329099929999999929e+01,3.209391339999999815e+01,1.107469999999999982e-02,3.996581704299903226e+00
-3.456017166999999972e+02,-2.481493910000000014e+01,3.212428649999999664e+01,1.128889999999999928e-02,4.146119628708260230e+00
-3.468582228999999870e+02,-2.636748850000000033e+01,3.215439500000000095e+01,1.150729999999999982e-02,4.098088585704865672e+00
-3.480787081999999941e+02,-2.794849549999999994e+01,3.218424180000000234e+01,1.172830000000000053e-02,3.994389218094163585e+00
-3.492619528999999829e+02,-2.955772340000000042e+01,3.221382969999999801e+01,1.182629999999999966e-02,3.937360688028904487e+00
-3.504067696000000183e+02,-3.119428840000000136e+01,3.224316120000000296e+01,1.170560000000000003e-02,3.927586639660330725e+00
-3.515131456999999955e+02,-3.285722249999999889e+01,3.227223920000000135e+01,1.126160000000000008e-02,3.964535019410581729e+00
-3.525815597000000139e+02,-3.454444399999999860e+01,3.230106620000000106e+01,1.107679999999999949e-02,4.046606486108994538e+00
-3.536124993999999901e+02,-3.625507379999999813e+01,3.232964499999999930e+01,1.095679999999999918e-02,4.172862358961956453e+00
-3.546059526999999889e+02,-3.798823050000000023e+01,3.235797790000000163e+01,1.090359999999999940e-02,4.051257029456314385e+00
-3.555611197000000061e+02,-3.974197149999999823e+01,3.238606769999999813e+01,1.079330000000000046e-02,3.865513233332411147e+00
-3.564784746000000268e+02,-4.151631170000000282e+01,3.241391670000000147e+01,1.068969999999999990e-02,3.722681184997950421e+00
-3.573578329000000053e+02,-4.331004409999999893e+01,3.244152749999999941e+01,1.059719999999999933e-02,3.622502630400445067e+00
-3.581988547000000267e+02,-4.512139820000000157e+01,3.246890249999999867e+01,1.036280000000000014e-02,3.564616860445416702e+00
-3.590023471000000086e+02,-4.695008800000000093e+01,3.249604409999999888e+01,1.011899999999999952e-02,3.422441717352701307e+00
-3.597687879000000066e+02,-4.879482200000000347e+01,3.252295469999999966e+01,9.869100000000000442e-03,3.170720052260388666e+00
-3.604985454999999774e+02,-5.065386879999999792e+01,3.254963670000000064e+01,9.623200000000000157e-03,2.958133832588123013e+00
-3.611925259000000210e+02,-5.252683669999999694e+01,3.257609219999999794e+01,9.380100000000000590e-03,2.783743701840321272e+00
-3.618513472999999863e+02,-5.441263740000000126e+01,3.260232369999999946e+01,9.139299999999999508e-03,3.176032718517882270e+00
-3.624755182999999761e+02,-5.630979609999999980e+01,3.262833340000000248e+01,8.901799999999999644e-03,4.397098586023537869e+00
-3.630659211999999911e+02,-5.821794940000000196e+01,3.265412359999999836e+01,8.666500000000000592e-03,2.569765755388964568e+00
-3.636232375999999817e+02,-6.013615440000000234e+01,3.267969630000000336e+01,8.433799999999999977e-03,1.381435973131793560e+00
