-3.612295209000000114e+02,-5.267250820000000289e+01,3.325264570000000219e+01,-9.760500000000000079e-03,2.786710323397958433e+00
-3.605373730000000023e+02,-5.079892650000000032e+01,3.328304579999999646e+01,-9.873800000000000285e-03,2.959009390171630116e+00
-3.598084666999999968e+02,-4.893949920000000020e+01,3.331317190000000039e+01,-9.985700000000000132e-03,3.170575402174143242e+00
-3.590427834000000189e+02,-4.709535149999999959e+01,3.334302699999999930e+01,-1.009140000000000037e-02,3.421679027176603327e+00
-3.582398274000000242e+02,-4.526639680000000254e+01,3.337261389999999750e+01,-1.019340000000000003e-02,3.584077783376167226e+00
-3.573999289999999860e+02,-4.345444150000000150e+01,3.340193550000000045e+01,-1.029590000000000019e-02,3.641148231596307738e+00
-3.565231423999999834e+02,-4.166052150000000154e+01,3.343099480000000057e+01,-1.039870000000000030e-02,3.738759869640303712e+00
-3.556089516000000117e+02,-3.988453009999999921e+01,3.345979439999999983e+01,-1.050159999999999982e-02,3.877885258462861806e+00
-3.546578774999999837e+02,-3.812840280000000348e+01,3.348833710000000252e+01,-1.058869999999999950e-02,4.058823753507347476e+00
-3.536700968000000103e+02,-3.639314590000000038e+01,3.351662569999999874e+01,-1.067090000000000052e-02,4.203867297135340131e+00
-3.526452049000000102e+02,-3.467889900000000125e+01,3.354466279999999756e+01,-1.089960000000000061e-02,4.070923435207387087e+00
-3.515834093000000280e+02,-3.298772029999999944e+01,3.357245120000000327e+01,-1.135459999999999942e-02,3.981311559838795144e+00
-3.504834253000000217e+02,-3.132090619999999959e+01,3.359999330000000128e+01,-1.191620000000000006e-02,3.936744301309111904e+00
-3.493443963999999937e+02,-2.968060570000000098e+01,3.362729190000000301e+01,-1.188039999999999929e-02,3.939468616623505337e+00
-3.481667717999999923e+02,-2.806774100000000161e+01,3.365434940000000097e+01,-1.173480000000000009e-02,3.989647189598122257e+00
-3.469515657000000033e+02,-2.648276429999999948e+01,3.368116839999999712e+01,-1.151989999999999958e-02,4.086684174551150406e+00
-3.457003543000000150e+02,-2.492633849999999995e+01,3.370775119999999703e+01,-1.131569999999999972e-02,4.154252827723050601e+00
-3.444142653999999766e+02,-2.339855239999999981e+01,3.373410049999999671e+01,-1.111660000000000079e-02,3.998201132271016700e+00
-3.430944489999999973e+02,-2.189955180000000112e+01,3.376021860000000174e+01,-1.092060000000000079e-02,3.886408844385929928e+00
-3.417424035999999887e+02,-2.042984620000000007e+01,3.378610780000000346e+01,-1.071850000000000060e-02,3.818213245276161238e+00
-3.403592027999999914e+02,-1.898940890000000081e+01,3.381177060000000267e+01,-1.051730000000000026e-02,3.792857175982806694e+00
-3.389458988999999747e+02,-1.757818929999999824e+01,3.383720929999999782e+01,-1.031930000000000000e-02,3.809562220852020786e+00
-3.375039578999999890e+02,-1.619653459999999967e+01,3.386242599999999925e+01,-1.012399999999999932e-02,3.732475948020678835e+00
-3.360343935000000215e+02,-1.484432840000000020e+01,3.388742320000000063e+01,-9.931199999999999403e-03,3.517536321553745626e+00
-3.345381376999999929e+02,-1.352139209999999991e+01,3.391220309999999927e+01,-9.741500000000000159e-03,3.341996095569572223e+00
-3.330165610999999899e+02,-1.222792850000000087e+01,3.393676769999999721e+01,-9.554599999999999899e-03,3.205254260819091705e+00
-3.314706165000000055e+02,-1.096376120000000043e+01,3.396111940000000118e+01,-9.370500000000000357e-03,3.106649007223336589e+00
-3.299011133999999856e+02,-9.728610800000000225e+00,3.398526030000000020e+01,-9.189499999999999752e-03,3.045513500410906627e+00
-3.283093316999999729e+02,-8.522567399999999793e+00,3.400919240000000343e+01,-9.011200000000000460e-03,2.948336990317701023e+00
-3.266961587000000122e+02,-7.345403899999999986e+00,3.403291800000000222e+01,-8.835700000000000151e-03,2.802114635220746219e+00
-3.250622811000000070e+02,-6.196760199999999941e+00,3.405643899999999746e+01,-8.663000000000000561e-03,2.691090317769993412e+00
-3.234088942000000202e+02,-5.076637200000000405e+00,3.407975749999999948e+01,-8.493099999999999955e-03,2.614694986540748278e+00
-3.217368160999999986e+02,-3.984763800000000078e+00,3.410287550000000323e+01,-8.326099999999999474e-03,2.572306318094000677e+00
-3.200466248000000178e+02,-2.920725899999999875e+00,3.412579509999999772e+01,-8.160699999999999898e-03,2.563288550879942562e+00
-3.183394311000000130e+02,-1.884444800000000031e+00,3.414851809999999688e+01,-7.994799999999999823e-03,2.520183706152210323e+00
-3.166159887000000026e+02,-8.756036000000000374e-01,3.417104650000000277e+01,-7.842899999999999872e-03,2.421345352696314901e+00
-3.148767421000000013e+02,1.062396000000000035e-01,3.419338230000000323e+01,-7.706099999999999582e-03,2.353652749671701461e+00
-3.131227107000000274e+02,1.061121900000000062e+00,3.421552729999999798e+01,-7.597999999999999719e-03,2.316172970086858740e+00
-3.113544742999999926e+02,1.989234799999999970e+00,3.423748340000000212e+01,-7.495899999999999785e-03,2.309163201993275294e+00
-3.095723401000000194e+02,2.890875100000000142e+00,3.425925250000000233e+01,-7.395599999999999570e-03,2.322320089945973720e+00
-3.077772006999999803e+02,3.766038700000000183e+00,3.428083639999999832e+01,-7.293299999999999957e-03,2.145971799061652696e+00
-3.059695686000000023e+02,4.614932200000000151e+00,3.430223689999999692e+01,-7.195000000000000007e-03,1.998022522078654051e+00
-3.041497466999999801e+02,5.437844000000000122e+00,3.432345579999999785e+01,-7.099199999999999955e-03,1.878664681788109414e+00
-3.023185550000000035e+02,6.234821600000000075e+00,3.434449490000000083e+01,-7.004200000000000356e-03,1.787710621084668716e+00
-3.004764382000000182e+02,7.006088000000000093e+00,3.436535580000000323e+01,-6.911200000000000156e-03,1.724862524112113382e+00
-2.986237059000000045e+02,7.751913300000000007e+00,3.438604029999999767e+01,-6.820200000000000221e-03,1.610738183562359982e+00
-2.967610877000000187e+02,8.472394299999999490e+00,3.440655019999999809e+01,-6.730599999999999777e-03,1.472077437292879099e+00
-2.948889733999999976e+02,9.167766300000000257e+00,3.442688710000000185e+01,-6.642200000000000014e-03,1.360513638491821053e+00
-2.930076978999999824e+02,9.838278700000000043e+00,3.444705259999999925e+01,-6.555599999999999969e-03,1.274244130453933366e+00
-2.911178841000000261e+02,1.048407620000000051e+01,3.446704840000000303e+01,-6.470899999999999916e-03,1.214143825755222394e+00
-2.892198864000000071e+02,1.110539709999999936e+01,3.448687610000000348e+01,-6.384899999999999777e-03,1.122974037842862982e+00
-2.873140566000000149e+02,1.170248489999999997e+01,3.450653739999999914e+01,-6.300899999999999904e-03,9.892550394063891472e-01
-2.854009128000000146e+02,1.227552520000000058e+01,3.452603380000000044e+01,-6.225299999999999584e-03,8.807600732938887234e-01
-2.834807895000000144e+02,1.282474050000000076e+01,3.454536689999999766e+01,-6.138900000000000086e-03,7.973763804541176281e-01
-2.815540793000000122e+02,1.335037389999999924e+01,3.456453820000000121e+01,-6.035800000000000019e-03,7.389653350142271204e-01
-2.796211885000000166e+02,1.385276310000000066e+01,3.458354930000000138e+01,-5.883199999999999888e-03,6.499002992790200439e-01
-2.776825200000000109e+02,1.433241330000000069e+01,3.460240160000000031e+01,-5.720000000000000258e-03,4.373830093105933736e-01
-2.757384756999999809e+02,1.478989110000000018e+01,3.462109679999999656e+01,-5.554599999999999815e-03,2.482195905681161829e-01
-2.737894954999999868e+02,1.522576779999999985e+01,3.463963609999999704e+01,-5.396100000000000028e-03,8.644725857401250324e-02
-2.718359257000000184e+02,1.564061730000000061e+01,3.465802120000000031e+01,-5.236000000000000203e-03,-8.290864603274653022e-02
-2.698781336999999780e+02,1.603501410000000149e+01,3.467625350000000140e+01,-5.075500000000000150e-03,-2.338244993566617191e-01
-2.679164344000000142e+02,1.640954699999999988e+01,3.469433430000000129e+01,-4.916900000000000090e-03,-5.235946364775716511e-01
-2.659511461999999824e+02,1.676479929999999996e+01,3.471226519999999738e+01,-4.758799999999999662e-03,-7.960029850333785184e-01
-2.639825960000000009e+02,1.710135340000000070e+01,3.473004749999999774e+01,-4.601000000000000055e-03,-1.050017120971168838e+00
-2.620110108000000082e+02,1.741980879999999843e+01,3.474768250000000336e+01,-4.443899999999999760e-03,-1.286003956219199162e+00
-2.600366761999999881e+02,1.772075369999999950e+01,3.476517170000000334e+01,-4.287499999999999645e-03,-1.503861204562836118e+00
-2.580598686000000157e+02,1.800477770000000177e+01,3.478251639999999867e+01,-4.131400000000000350e-03,-1.704806650157273396e+00
-2.560807495999999901e+02,1.827248670000000175e+01,3.479971799999999860e+01,-3.974700000000000281e-03,-1.889467343982664582e+00
-2.540995763999999895e+02,1.852447550000000120e+01,3.481677770000000294e+01,-3.819900000000000205e-03,-2.058441971555580619e+00
-2.521165637000000004e+02,1.876134000000000057e+01,3.483369689999999963e+01,-3.665400000000000082e-03,-2.212332663529508636e+00
-2.501318314000000100e+02,1.898368869999999831e+01,3.485047680000000270e+01,-3.506299999999999955e-03,-2.362295201817166124e+00
-2.481455922000000101e+02,1.919213209999999847e+01,3.486711880000000008e+01,-3.353099999999999917e-03,-2.554676964349620771e+00
-2.461580510000000004e+02,1.938726480000000052e+01,3.488362409999999869e+01,-3.208100000000000188e-03,-2.733570369015831059e+00
-2.441692473999999891e+02,1.956964569999999881e+01,3.489999399999999952e+01,-3.099000000000000192e-03,-2.899775864833375572e+00
-2.421793620999999916e+02,1.973971170000000086e+01,3.491622960000000120e+01,-2.997200000000000211e-03,-3.053733851525946896e+00
-2.401885283000000015e+02,1.989786050000000017e+01,3.493233229999999878e+01,-2.899600000000000007e-03,-3.195844395532019711e+00
-2.381967621999999949e+02,2.004448460000000054e+01,3.494830319999999801e+01,-2.796400000000000101e-03,-3.326501903737065113e+00
-2.362042262999999878e+02,2.017998130000000145e+01,3.496414349999999871e+01,-2.694600000000000120e-03,-3.446106800381669721e+00
-2.342110279999999989e+02,2.030475069999999960e+01,3.497985450000000185e+01,-2.593699999999999999e-03,-3.555061339358867034e+00
-2.322171533000000068e+02,2.041919730000000044e+01,3.499543719999999780e+01,-2.492199999999999971e-03,-3.653276043382701843e+00
-2.302227492000000098e+02,2.052371750000000006e+01,3.501089280000000059e+01,-2.390900000000000056e-03,-3.741575986109168195e+00
-2.282279109000000119e+02,2.061871119999999991e+01,3.502622259999999699e+01,-2.289799999999999822e-03,-3.820444442845673638e+00
-2.262325978000000077e+02,2.070458430000000050e+01,3.504142759999999868e+01,-2.188700000000000020e-03,-3.890285864488534084e+00
-2.242369467999999983e+02,2.078173410000000132e+01,3.505650889999999720e+01,-2.087599999999999786e-03,-3.951498396608921659e+00
-2.222410370000000057e+02,2.085056140000000013e+01,3.507146769999999947e+01,-1.986700000000000098e-03,-4.004482694998128700e+00
-2.202448010999999894e+02,2.091147109999999998e+01,3.508630509999999703e+01,-1.885799999999999976e-03,-4.051901668299011661e+00
-2.182483723999999938e+02,2.096486159999999899e+01,3.510102210000000156e+01,-1.784999999999999911e-03,-4.107229803151510872e+00
-2.162518168000000003e+02,2.101113349999999969e+01,3.511561979999999750e+01,-1.684299999999999903e-03,-4.154976753507789056e+00
-2.142550381000000073e+02,2.105069070000000053e+01,3.513009939999999887e+01,-1.583699999999999952e-03,-4.196104525932264906e+00
-2.122581718000000137e+02,2.108393159999999966e+01,3.514446170000000080e+01,-1.483200000000000057e-03,-4.231015169187524627e+00
-2.102612719999999911e+02,2.111125690000000077e+01,3.515870799999999718e+01,-1.382699999999999945e-03,-4.260107765080135778e+00
-2.082642147999999906e+02,2.113306880000000021e+01,3.517283909999999736e+01,-1.282200000000000050e-03,-4.283784646170305521e+00
-2.062671387000000038e+02,2.114976619999999841e+01,3.518685620000000114e+01,-1.182499999999999957e-03,-4.302296781758823130e+00
-2.042700957000000130e+02,2.116174690000000069e+01,3.520076029999999889e+01,-1.083600000000000101e-03,-4.315783221066318731e+00
-2.022729303000000129e+02,2.116940280000000030e+01,3.521455230000000114e+01,-9.904000000000000043e-04,-4.325042943943334883e+00
-2.002758134000000041e+02,2.117311349999999948e+01,3.522823319999999825e+01,-8.718000000000000489e-04,-4.330455903536167384e+00
-1.982787203999999974e+02,2.117334969999999927e+01,3.524180410000000307e+01,-7.309999999999999875e-04,-4.332491945859205273e+00
-1.962815782000000127e+02,2.117068940000000055e+01,3.525526589999999771e+01,-5.576999999999999492e-04,-4.331729719293196723e+00
-1.942844554000000130e+02,2.116579120000000103e+01,3.526861949999999979e+01,-4.502999999999999950e-04,-4.328488735037303137e+00
-1.922873389000000088e+02,2.115909010000000023e+01,3.528186589999999967e+01,-3.980000000000000248e-04,-4.323328615085418214e+00
-1.902902161000000092e+02,2.115078000000000102e+01,3.529500600000000077e+01,-3.817000000000000080e-04,-4.316657230418002200e+00
-1.882931057000000123e+02,2.114094740000000172e+01,3.530804080000000056e+01,-3.662000000000000107e-04,-4.308561479532849070e+00
-1.862960102000000120e+02,2.112965429999999856e+01,3.532097129999999652e+01,-3.513999999999999763e-04,-4.299103761433084259e+00
-1.842989104000000111e+02,2.111695960000000127e+01,3.533379819999999683e+01,-3.365999999999999960e-04,-4.282873527233593158e+00
-1.823018250000000080e+02,2.110292259999999942e+01,3.534652249999999896e+01,-3.218000000000000157e-04,-4.261462227229077193e+00
-1.803047564000000023e+02,2.108760230000000035e+01,3.535914509999999922e+01,-3.069999999999999812e-04,-4.238865243097762026e+00
-1.783076843999999994e+02,2.107105770000000078e+01,3.537166690000000102e+01,-2.920999999999999985e-04,-4.215142822741138495e+00
-1.763106281999999965e+02,2.105334789999999856e+01,3.538408880000000067e+01,-2.773000000000000183e-04,-4.190355654132430274e+00
-1.743135897999999884e+02,2.103453229999999863e+01,3.539641160000000042e+01,-2.624999999999999838e-04,-4.164440495264200237e+00
-1.723165481999999997e+02,2.101466930000000133e+01,3.540863619999999656e+01,-2.482000000000000157e-04,-4.137131727351906818e+00
-1.703195221000000004e+02,2.099381659999999883e+01,3.542076339999999846e+01,-2.340999999999999982e-04,-4.108932034865842020e+00
-1.683225140000000124e+02,2.097203040000000129e+01,3.543279410000000240e+01,-2.201000000000000103e-04,-4.079899300103208226e+00
-1.663255015000000014e+02,2.094936600000000126e+01,3.544472910000000354e+01,-2.061999999999999977e-04,-4.050090722838488588e+00
-1.643285051000000010e+02,2.092587950000000063e+01,3.545656929999999818e+01,-1.922000000000000097e-04,-4.019564583619635201e+00
-1.623315256999999860e+02,2.090162660000000017e+01,3.546831540000000160e+01,-1.781999999999999947e-04,-3.988073593324103605e+00
-1.603345405999999969e+02,2.087666270000000068e+01,3.547996830000000301e+01,-1.642000000000000068e-04,-3.955685959742445412e+00
-1.583375703000000101e+02,2.085104400000000169e+01,3.549152870000000348e+01,-1.502999999999999942e-04,-3.922745982760446726e+00
-1.563406157999999948e+02,2.082482620000000040e+01,3.550299749999999932e+01,-1.363000000000000062e-04,-3.889311650614012628e+00
-1.543436538999999925e+02,2.079806470000000118e+01,3.551437539999999871e+01,-1.222999999999999912e-04,-3.855440928092523922e+00
-1.523467052000000024e+02,2.077081550000000121e+01,3.552566329999999795e+01,-1.083000000000000033e-04,-3.821192589625090452e+00
-1.503497705999999994e+02,2.074313439999999886e+01,3.553686179999999695e+01,-9.430000000000000177e-05,-3.786131298771444609e+00
-1.483528264999999919e+02,2.071507679999999851e+01,3.554797179999999912e+01,-8.040000000000000271e-05,-3.796351498888392850e+00
-1.463558932999999911e+02,2.068669859999999971e+01,3.555899399999999844e+01,-6.640000000000000123e-05,-3.838142968660406051e+00
-1.443589723999999990e+02,2.065805560000000085e+01,3.556992919999999714e+01,-5.239999999999999975e-05,-3.879778952071729847e+00
-1.423620393999999862e+02,2.062920330000000035e+01,3.558077800000000224e+01,-3.839999999999999826e-05,-3.921312262149185379e+00
-1.403651166999999873e+02,2.060019780000000011e+01,3.559154130000000293e+01,-2.470000000000000068e-05,-3.962794958771401532e+00
-1.383682013000000097e+02,2.057109390000000104e+01,3.560221969999999914e+01,-1.110000000000000045e-05,-4.004278662695447188e+00
-1.363712736999999890e+02,2.054194689999999923e+01,3.561281410000000136e+01,4.600000000000000004e-06,-4.045509652286079394e+00
-1.343743516000000113e+02,2.051281859999999924e+01,3.562332500000000124e+01,2.229999999999999994e-05,-4.086588859827662290e+00
-1.323774353000000019e+02,2.048377980000000065e+01,3.563375309999999985e+01,4.190000000000000202e-05,-4.127859635703739372e+00
-1.303805050999999935e+02,2.045490789999999848e+01,3.564409930000000060e+01,6.169999999999999541e-05,-4.169396915628989397e+00
-1.283835764000000097e+02,2.042628219999999928e+01,3.565436420000000339e+01,8.129999999999999749e-05,-4.211276439182488396e+00
-1.263866473000000070e+02,2.039798079999999914e+01,3.566454840000000104e+01,1.006999999999999947e-04,-4.253573301094925263e+00
-1.243897031999999996e+02,2.037008120000000133e+01,3.548976859999999789e+01,1.203999999999999992e-04,-4.254893745387947845e+00
-1.223927572999999995e+02,2.034266159999999957e+01,3.521035249999999905e+01,1.399999999999999877e-04,-4.234370632368031906e+00
-1.203958087999999975e+02,2.031580020000000175e+01,3.492907770000000056e+01,1.595000000000000009e-04,-4.214504776334724312e+00
-1.183988420999999960e+02,2.028957490000000163e+01,3.464588669999999837e+01,1.790999999999999895e-04,-4.195375669876172608e+00
-1.164018707999999975e+02,2.026406390000000002e+01,3.436071760000000097e+01,1.987000000000000051e-04,-4.177044247567892832e+00
-1.144048946000000058e+02,2.023934530000000009e+01,3.407350629999999825e+01,2.181999999999999912e-04,-4.159053485203226153e+00
-1.124078978999999947e+02,2.021549699999999916e+01,3.378418779999999799e+01,2.378000000000000068e-04,-4.142032636336486995e+00
-1.104108953000000071e+02,2.019259740000000036e+01,3.349269240000000281e+01,2.574000000000000224e-04,-4.126061610750642039e+00
-1.084138856999999945e+02,2.017072449999999861e+01,3.319894790000000029e+01,2.770000000000000110e-04,-4.111219653717843592e+00
-1.064168549000000041e+02,2.014995610000000070e+01,3.290287889999999749e+01,2.964999999999999971e-04,-4.097585872799217377e+00
-1.044198152000000022e+02,2.013037020000000155e+01,3.260441440000000313e+01,3.162999999999999905e-04,-4.085021996199349914e+00
-1.024227714999999961e+02,2.011204620000000176e+01,3.230347909999999700e+01,3.364999999999999936e-04,-4.073455053630414824e+00
-1.004257032000000009e+02,2.009506209999999982e+01,3.199992900000000162e+01,3.536999999999999780e-04,-4.063330954928839667e+00
-9.842862990000000423e+01,2.007948749999999905e+01,3.169354849999999857e+01,3.644000000000000212e-04,-4.054720348608847225e+00
-9.643155219999999872e+01,2.006536529999999985e+01,3.138417709999999872e+01,3.687000000000000173e-04,-4.047666785149099944e+00
-9.443445060000000524e+01,2.005269390000000129e+01,3.107166850000000125e+01,3.429999999999999889e-04,-4.042169405194767862e+00
-9.243735309999999572e+01,2.004139139999999841e+01,3.075533499999999876e+01,3.209999999999999963e-04,-4.037718779499642530e+00
-9.044024729999999579e+01,2.003136980000000023e+01,3.043514929999999907e+01,3.026999999999999851e-04,-4.034488320791914440e+00
-8.844313769999999408e+01,2.002256549999999891e+01,3.011107709999999926e+01,2.994000000000000133e-04,-4.032580091599061944e+00
-8.644601900000000683e+01,2.001495500000000050e+01,2.978329069999999845e+01,2.959999999999999849e-04,-4.031970834986232433e+00
-8.444888930000000471e+01,2.000852520000000112e+01,2.945166890000000137e+01,2.926000000000000107e-04,-4.032647563307498295e+00
-8.245176720000000614e+01,2.000326270000000051e+01,2.911608340000000084e+01,2.893999999999999871e-04,-4.034551682902959513e+00
-8.045463739999999575e+01,1.999915430000000072e+01,2.877639960000000130e+01,2.861000000000000153e-04,-4.037166308899936773e+00
-7.845750030000000663e+01,1.999618690000000143e+01,2.843247330000000161e+01,2.827999999999999893e-04,-4.041027251141659171e+00
-7.646037219999999479e+01,1.999434749999999994e+01,2.808415129999999849e+01,2.795000000000000175e-04,-4.046121292218502141e+00
-7.446323820000000637e+01,1.999362289999999831e+01,2.773127080000000078e+01,2.761999999999999915e-04,-4.052434807608269018e+00
-7.246609899999999982e+01,1.999399999999999977e+01,2.737365850000000123e+01,2.729000000000000197e-04,-4.059954165883805643e+00
-7.046897060000000579e+01,1.999546559999999928e+01,2.701112919999999917e+01,2.695999999999999937e-04,-4.068413107555564068e+00
-6.847183800000000531e+01,1.999800670000000125e+01,2.664348539999999943e+01,2.663000000000000219e-04,-4.077715973403267746e+00
-6.647470219999999586e+01,2.000160999999999945e+01,2.627051510000000079e+01,2.629999999999999959e-04,-4.088185532068024486e+00
-6.447757860000000107e+01,2.000626249999999828e+01,2.589199149999999960e+01,2.598000000000000266e-04,-4.099807947921160434e+00
-6.248045239999999723e+01,2.001195099999999982e+01,2.550767030000000091e+01,2.565000000000000006e-04,-4.112569066832241660e+00
-6.048332469999999716e+01,2.001866240000000019e+01,2.511728850000000079e+01,2.531000000000000263e-04,-4.126454719251279712e+00
-5.848621070000000088e+01,2.002638340000000028e+01,2.472056200000000104e+01,2.499000000000000028e-04,-4.141003287162988933e+00
-5.648909539999999652e+01,2.003510119999999972e+01,2.431718460000000093e+01,2.464999999999999743e-04,-4.156521690337121377e+00
-5.449197989999999692e+01,2.004480239999999824e+01,2.390682109999999838e+01,2.431000000000000001e-04,-4.173125762261507887e+00
-5.249487849999999867e+01,2.005547340000000034e+01,2.348910709999999824e+01,2.403999999999999887e-04,-4.190800564088462465e+00
-5.049779480000000120e+01,2.006707109999999972e+01,2.306366039999999984e+01,3.479999999999999885e-05,-4.209501394394822960e+00
-4.850067500000000109e+01,2.007877080000000092e+01,2.263197540000000174e+01,-3.836000000000000000e-04,-4.228340852544363315e+00
-4.650385190000000080e+01,2.008789919999999896e+01,2.221976480000000009e+01,-2.406399999999999945e-03,-4.244207887715263361e+00
-4.450717290000000048e+01,2.008738870000000176e+01,2.183052700000000002e+01,-4.749500000000000249e-03,-4.250533878340773342e+00
-4.250945449999999681e+01,2.006787819999999911e+01,2.146747399999999928e+01,-7.391499999999999633e-03,-4.237960545705368176e+00
-4.051405369999999806e+01,2.001920510000000064e+01,2.112391369999999924e+01,-9.584999999999999770e-03,-4.196310253476314145e+00
-3.851855520000000155e+01,1.993228630000000123e+01,2.080014549999999929e+01,-1.184679999999999934e-02,-4.116507917464415023e+00
-3.652520789999999806e+01,1.979811199999999971e+01,2.049729860000000059e+01,-1.423390000000000072e-02,-3.985646826471357151e+00
-3.453781169999999889e+01,1.960741200000000006e+01,2.021607189999999932e+01,-1.670490000000000169e-02,-3.778105708537734753e+00
-3.255669939999999940e+01,1.935037639999999826e+01,1.995590370000000036e+01,-1.915139999999999898e-02,-3.504292902744232663e+00
-3.058756229999999832e+01,1.901782659999999936e+01,1.971809820000000002e+01,-2.171129999999999935e-02,-3.155071411794809322e+00
-2.863490850000000165e+01,1.860009700000000166e+01,1.950684030000000035e+01,-2.460129999999999956e-02,-2.721010889294505741e+00
-2.670391280000000123e+01,1.808674089999999879e+01,1.931534860000000009e+01,-2.692210000000000089e-02,-2.191346467813465981e+00
-2.480484990000000067e+01,1.747073620000000105e+01,1.914343410000000034e+01,-2.920589999999999992e-02,-1.559829288795378854e+00
-2.294260849999999863e+01,1.674265970000000081e+01,1.902452609999999922e+01,-3.416109999999999980e-02,-8.170017458136069610e-01
-2.114340079999999844e+01,1.589397270000000084e+01,1.894884169999999912e+01,-3.814839999999999898e-02,4.912172406243675571e-02
-1.940563309999999930e+01,1.490771999999999942e+01,1.887291670000000110e+01,-3.834919999999999995e-02,1.049862497909593406e+00
-1.773272379999999870e+01,1.378071639999999931e+01,1.879807399999999973e+01,-3.888649999999999746e-02,2.190840335704490549e+00
-1.617144079999999917e+01,1.253663809999999934e+01,1.879807399999999973e+01,-4.527860000000000218e-02,3.252401584040479854e+00
-1.473611089999999990e+01,1.117383120000000041e+01,1.879807399999999973e+01,-3.366389999999999660e-02,4.289992372708186785e+00
-1.339866209999999924e+01,9.705185999999999424e+00,1.893384749999999883e+01,-3.677099999999999813e-02,3.913627020408292356e+00
-1.216243979999999958e+01,8.131474900000000616e+00,1.902650690000000111e+01,-3.615440000000000320e-02,2.904657402096259666e+00
-1.104333560000000070e+01,6.471370099999999681e+00,1.912178099999999858e+01,-3.500400000000000039e-02,1.940676512411682264e+00
-1.004560359999999974e+01,4.742957099999999926e+00,1.922597419999999957e+01,-3.281839999999999757e-02,9.345376391107418357e-01
-9.162854799999999855e+00,2.954368099999999941e+00,1.935116209999999981e+01,-2.803069999999999867e-02,6.321141521816099618e-02
-8.380206100000000546e+00,1.115700499999999984e+00,1.952784889999999862e+01,-2.373130000000000031e-02,-7.484807139913868257e-01
-7.687516800000000039e+00,-7.564748999999999501e-01,1.974873189999999923e+01,-2.275119999999999920e-02,-1.450117913375236656e+00
-7.080767400000000045e+00,-2.656813599999999997e+00,1.997268319999999875e+01,-2.137280000000000083e-02,-2.066245462715822434e+00
-6.554379700000000142e+00,-4.586592800000000025e+00,2.020145640000000142e+01,-2.021239999999999842e-02,-2.601306064383772210e+00
-6.107042999999999999e+00,-6.533046099999999967e+00,2.042464500000000172e+01,-1.905139999999999958e-02,-3.057919983209624437e+00
-5.734002000000000265e+00,-8.495358299999999474e+00,2.064250309999999899e+01,-1.782310000000000144e-02,-3.440437858536011362e+00
-5.430999899999999769e+00,-1.047047640000000079e+01,2.085526690000000016e+01,-1.668760000000000035e-02,-3.749034489244555068e+00
-5.194151100000000021e+00,-1.245367090000000054e+01,2.106315580000000054e+01,-1.567259999999999834e-02,-3.985859983427910702e+00
-5.019380199999999626e+00,-1.444401490000000088e+01,2.126637489999999886e+01,-1.447670000000000033e-02,-4.160622134954647500e+00
-4.902314099999999897e+00,-1.643664800000000170e+01,2.146511530000000079e+01,-1.276309999999999945e-02,-4.277735042974762258e+00
-4.835344300000000040e+00,-1.843260099999999824e+01,2.165955629999999843e+01,-9.410800000000000415e-03,-4.344839105573121252e+00
-4.805793200000000098e+00,-2.042910489999999868e+01,2.184986560000000111e+01,-5.737800000000000365e-03,-4.374570107624206727e+00
-4.799121300000000367e+00,-2.242611559999999926e+01,2.203620099999999837e+01,-2.494300000000000076e-03,-4.381025824200905916e+00
-4.803319300000000069e+00,-2.442325359999999890e+01,2.221871069999999904e+01,-1.431100000000000037e-03,-4.376707450776526009e+00
-4.813427400000000134e+00,-2.642041139999999899e+01,2.239753430000000023e+01,-9.882000000000000593e-04,-4.366575839710131746e+00
-4.827492900000000198e+00,-2.841747640000000175e+01,2.257280349999999913e+01,-8.228000000000000504e-04,-4.352583848567574520e+00
-4.844860999999999862e+00,-3.041454320000000067e+01,2.274464259999999882e+01,-7.058999999999999737e-04,-4.335387073363936139e+00
-4.865044600000000052e+00,-3.241158949999999805e+01,2.291316919999999868e+01,-5.888000000000000005e-04,-4.315237928241485221e+00
-4.887576100000000423e+00,-3.440857249999999823e+01,2.307849459999999908e+01,-4.717999999999999755e-04,-4.292521405243492794e+00
-4.911989900000000020e+00,-3.640556649999999905e+01,2.324072440000000128e+01,-3.557000000000000266e-04,-4.268018513805711400e+00
-4.937821600000000366e+00,-3.840255179999999768e+01,2.339995850000000033e+01,-2.371999999999999922e-04,-4.242195299454365021e+00
-4.964598800000000089e+00,-4.039948119999999676e+01,2.355629210000000029e+01,-1.196999999999999957e-04,-4.234749281248351593e+00
-4.991857699999999731e+00,-4.239643989999999718e+01,2.370981559999999888e+01,-1.060000000000000016e-05,-4.236991324264268499e+00
-5.019161699999999726e+00,-4.439340419999999909e+01,2.386061490000000163e+01,9.029999999999999941e-05,-4.239288645926048815e+00
-5.046105200000000401e+00,-4.639033020000000107e+01,2.400877210000000161e+01,1.876000000000000063e-04,-4.242045697054716236e+00
-5.072301099999999785e+00,-4.838730530000000130e+01,2.415436520000000087e+01,2.851999999999999934e-04,-4.245650948261921798e+00
-5.097359700000000160e+00,-5.038430259999999805e+01,2.429746889999999837e+01,3.825999999999999757e-04,-4.250093149280792737e+00
-5.120891699999999602e+00,-5.238126580000000132e+01,2.443815439999999839e+01,4.788999999999999854e-04,-4.255998014091187720e+00
-5.142516200000000204e+00,-5.437829519999999661e+01,2.457648969999999977e+01,5.709000000000000533e-04,-4.263910727373779075e+00
-5.161866100000000124e+00,-5.637533899999999676e+01,2.471254009999999823e+01,6.549999999999999833e-04,-4.274197410624012150e+00
-5.178604100000000265e+00,-5.837236939999999663e+01,2.484636769999999828e+01,7.194999999999999790e-04,-4.287193550131928710e+00
-5.192503799999999892e+00,-6.036945399999999751e+01,2.497803250000000119e+01,7.138000000000000031e-04,-4.303094660071050015e+00
-5.203557700000000175e+00,-6.236654529999999852e+01,2.510759159999999923e+01,7.035999999999999720e-04,-4.273730824933685390e+00
-5.211805700000000208e+00,-6.436366529999999386e+01,2.523509999999999920e+01,6.913000000000000525e-04,-4.239089998757378908e+00
-5.217296300000000109e+00,-6.636079010000000267e+01,2.536061049999999994e+01,6.794999999999999825e-04,-4.207302632002250853e+00
-5.220076800000000183e+00,-6.835792019999999525e+01,2.548417380000000065e+01,6.675999999999999643e-04,-4.178324240985979543e+00
-5.220194300000000176e+00,-7.035505809999999371e+01,2.560583850000000083e+01,6.558000000000000027e-04,-4.152110227004327747e+00
-5.217696100000000392e+00,-7.235218879999999331e+01,2.572565150000000145e+01,6.440000000000000412e-04,-4.128297670803279473e+00
-5.212629299999999688e+00,-7.434931400000000679e+01,2.584365790000000018e+01,6.321999999999999712e-04,-4.106895215621935158e+00
-5.205040999999999585e+00,-7.634643780000000390e+01,2.595990120000000090e+01,6.202999999999999530e-04,-4.088114808539447864e+00
-5.194978500000000388e+00,-7.834354460000000131e+01,2.607442310000000063e+01,6.084999999999999914e-04,-4.071911324705665969e+00
-5.182489000000000345e+00,-8.034063720000000330e+01,2.618726390000000137e+01,5.967000000000000299e-04,-4.058238977916035495e+00
-5.167619499999999810e+00,-8.233772009999999852e+01,2.629846270000000175e+01,5.848999999999999599e-04,-4.047051869518052847e+00
-5.150417400000000256e+00,-8.433477820000000236e+01,2.640805680000000066e+01,5.730000000000000501e-04,-4.037778270200545805e+00
-5.130929799999999652e+00,-8.633181480000000363e+01,2.651608260000000072e+01,5.611999999999999801e-04,-4.030826881878266654e+00
-5.109203899999999798e+00,-8.832883479999999565e+01,2.662257500000000121e+01,5.494000000000000185e-04,-4.026218598797868253e+00
-5.085286800000000440e+00,-9.032582379999999489e+01,2.672756779999999921e+01,5.375999999999999486e-04,-4.023907067995523335e+00
-5.059225800000000106e+00,-9.232278549999999484e+01,2.683109370000000027e+01,5.257000000000000388e-04,-4.023845031595715938e+00
-5.031068000000000318e+00,-9.431972519999999349e+01,2.693318430000000063e+01,5.138999999999999688e-04,-4.025842520267594260e+00
-5.000860799999999884e+00,-9.631662900000000604e+01,2.703387030000000024e+01,5.021000000000000072e-04,-4.029542846209798412e+00
-4.968651099999999765e+00,-9.831350100000000225e+01,2.713318119999999922e+01,4.903000000000000457e-04,-4.035351471890294306e+00
-4.934486200000000267e+00,-1.003103469999999930e+02,2.723114569999999901e+01,4.783999999999999733e-04,-4.043220667544167313e+00
-4.898413399999999918e+00,-1.023071534000000042e+02,2.732779150000000001e+01,4.666000000000000117e-04,-4.053102611254105092e+00
-4.860479800000000239e+00,-1.043039250000000067e+02,2.742314569999999918e+01,4.547999999999999959e-04,-4.064949081846823908e+00
-4.820732500000000087e+00,-1.063006675999999970e+02,2.751723420000000075e+01,4.429999999999999802e-04,-4.078365974696043672e+00
-4.779218799999999767e+00,-1.082973681999999940e+02,2.761008239999999958e+01,4.311000000000000162e-04,-4.093413786797516885e+00
-4.735985900000000193e+00,-1.102940322000000037e+02,2.770171489999999892e+01,4.193000000000000004e-04,-4.110285139258237130e+00
-4.691080900000000220e+00,-1.122906653999999946e+02,2.779215549999999979e+01,4.074999999999999846e-04,-4.128931491720941871e+00
-4.644550999999999874e+00,-1.142872555000000006e+02,2.788142729999999858e+01,3.957000000000000231e-04,-4.149304153674476581e+00
-4.596443500000000348e+00,-1.162838079999999934e+02,2.796955279999999888e+01,3.838000000000000049e-04,-4.171353878885453170e+00
-4.546805400000000219e+00,-1.182803291999999971e+02,2.805655379999999965e+01,3.719999999999999891e-04,-4.194508589287707423e+00
-4.495683999999999791e+00,-1.202768068999999969e+02,2.814245160000000112e+01,3.601999999999999733e-04,-4.219204687732429626e+00
-4.443126600000000259e+00,-1.222732474999999965e+02,2.822726670000000126e+01,3.484000000000000118e-04,-4.245437254242969694e+00
-4.389179900000000245e+00,-1.242696566000000047e+02,2.831101920000000050e+01,3.358999999999999790e-04,-4.273157483022400172e+00
-4.333896000000000193e+00,-1.262660228999999958e+02,2.839372859999999932e+01,3.200000000000000262e-04,-4.302311173522574528e+00
-4.277338600000000213e+00,-1.282623504000000025e+02,2.847541389999999950e+01,2.967000000000000019e-04,-4.297073775721044875e+00
-4.219598099999999796e+00,-1.302586550999999986e+02,2.855609349999999935e+01,2.699000000000000010e-04,-4.284833124515360581e+00
-4.160781499999999689e+00,-1.322549186999999904e+02,2.863578550000000078e+01,2.434000000000000074e-04,-4.273309125846737722e+00
-4.100994299999999981e+00,-1.342511534999999867e+02,2.871450730000000107e+01,2.169999999999999891e-04,-4.262854183738040703e+00
-4.040341599999999644e+00,-1.362473749000000112e+02,2.879227600000000109e+01,1.905999999999999979e-04,-4.253363619982028609e+00
-3.978929500000000008e+00,-1.382435603000000128e+02,2.886910819999999944e+01,1.642000000000000068e-04,-4.244732943236895650e+00
-3.916862800000000089e+00,-1.402397256000000141e+02,2.894502010000000070e+01,1.377999999999999885e-04,-4.236857433948032714e+00
-3.854246499999999909e+00,-1.422358863000000042e+02,2.902002740000000003e+01,1.112999999999999949e-04,-4.229334133654417904e+00
-3.791186800000000190e+00,-1.442320201999999938e+02,2.909414560000000094e+01,8.490000000000000368e-05,-4.222087003787516224e+00
-3.727788499999999949e+00,-1.462281437999999980e+02,2.916738970000000108e+01,5.849999999999999894e-05,-4.215278506690602001e+00
-3.664156499999999816e+00,-1.482242725000000121e+02,2.923977419999999938e+01,3.210000000000000098e-05,-4.208803834618469963e+00
-3.600397099999999906e+00,-1.502203839999999957e+02,2.931131350000000069e+01,5.699999999999999636e-06,-4.202557979089943885e+00
-3.536615100000000123e+00,-1.522164954000000137e+02,2.938202160000000163e+01,-2.080000000000000075e-05,-4.196436043618466449e+00
-3.472915500000000044e+00,-1.542126220000000103e+02,2.945191200000000009e+01,-4.720000000000000210e-05,-4.189830926716363813e+00
-3.409404499999999949e+00,-1.562087413000000140e+02,2.952099790000000112e+01,-7.360000000000000006e-05,-4.183069194938281221e+00
-3.346186900000000186e+00,-1.582048706999999865e+02,2.958929249999999911e+01,-1.000999999999999937e-04,-4.176114854707787316e+00
-3.283367800000000170e+00,-1.602010252999999977e+02,2.965680830000000157e+01,-1.265000000000000120e-04,-4.168862894136559305e+00
-3.221053400000000178e+00,-1.621971820999999920e+02,2.972355770000000064e+01,-1.529000000000000031e-04,-4.160469065899469854e+00
-3.159348599999999951e+00,-1.641933587999999986e+02,2.968273170000000150e+01,-1.793999999999999968e-04,-4.150782553739924552e+00
-3.098358399999999957e+00,-1.661895703000000140e+02,2.934815940000000012e+01,-2.057999999999999879e-04,-4.140116325202804148e+00
-3.038189000000000028e+00,-1.681857927000000075e+02,2.901012010000000174e+01,-2.322000000000000062e-04,-4.128731009911719596e+00
-2.978945400000000188e+00,-1.701820439999999905e+02,2.866846849999999947e+01,-2.586999999999999998e-04,-4.132916163531117348e+00
-2.920732699999999848e+00,-1.721783385999999894e+02,2.832305110000000070e+01,-2.850999999999999910e-04,-4.165488225244208031e+00
-2.863657100000000177e+00,-1.741746515000000102e+02,2.797370540000000005e+01,-3.114999999999999822e-04,-4.196583710087412378e+00
-2.807823500000000028e+00,-1.761710012000000063e+02,2.762025889999999961e+01,-3.379999999999999758e-04,-4.226408700204862257e+00
-2.753337300000000099e+00,-1.781674012000000005e+02,2.726252859999999956e+01,-3.644000000000000212e-04,-4.254985421503547194e+00
-2.700304500000000107e+00,-1.801638250999999968e+02,2.690031919999999843e+01,-3.909000000000000148e-04,-4.282206524142666559e+00
-2.648830100000000076e+00,-1.821602921999999865e+02,2.653342449999999886e+01,-4.174000000000000084e-04,-4.307965190771510855e+00
-2.599019600000000096e+00,-1.841568149000000005e+02,2.616162190000000010e+01,-4.439000000000000020e-04,-4.332114354461156225e+00
-2.550978999999999886e+00,-1.861533656000000008e+02,2.578466630000000137e+01,-4.697999999999999811e-04,-4.354081349141186053e+00
-2.504812600000000167e+00,-1.881499626000000092e+02,2.540234909999999857e+01,-4.987000000000000330e-04,-4.374271596418572550e+00
-2.460634600000000116e+00,-1.901466170999999861e+02,2.501442580000000149e+01,-5.293999999999999661e-04,-4.392569573762311386e+00
-2.418568800000000074e+00,-1.921433026999999925e+02,2.462062500000000043e+01,-5.617000000000000465e-04,-4.408850879093121122e+00
-2.378742799999999935e+00,-1.941400376999999935e+02,2.422062509999999946e+01,-5.938000000000000136e-04,-4.422986961506213177e+00
-2.341284899999999780e+00,-1.961368282999999906e+02,2.381408259999999899e+01,-6.260999999999999855e-04,-4.434629887605133547e+00
-2.306324699999999783e+00,-1.981336511000000087e+02,2.340064660000000174e+01,-6.599000000000000482e-04,-4.443550687600252402e+00
-2.273996499999999976e+00,-2.001305214999999862e+02,2.297991770000000145e+01,-6.943999999999999652e-04,-4.449934858705816509e+00
-2.244437700000000202e+00,-2.021274439999999970e+02,2.255191549999999978e+01,-7.617999999999999772e-04,-4.453644582309967070e+00
-2.218033500000000213e+00,-2.041243968999999936e+02,2.211929830000000052e+01,-1.057500000000000063e-03,-4.454294788237697311e+00
-2.196093700000000037e+00,-2.061213927000000012e+02,2.169446059999999932e+01,-2.310899999999999847e-03,-4.450575696922959956e+00
-2.183427599999999913e+00,-2.081184172000000103e+02,2.128730440000000002e+01,-4.368699999999999667e-03,-4.437272324256816169e+00
-2.189024799999999882e+00,-2.101152503000000138e+02,2.091835530000000176e+01,-8.055100000000000801e-03,-4.405675412319857820e+00
-2.226488900000000104e+00,-2.121112353000000041e+02,2.057496370000000141e+01,-1.083049999999999985e-02,-4.342316019256127646e+00
-2.307105899999999821e+00,-2.141074694000000136e+02,2.024791259999999937e+01,-1.293670000000000063e-02,-4.235884202891035066e+00
-2.438849199999999939e+00,-2.160996158000000094e+02,1.992862420000000157e+01,-1.440999999999999920e-02,-4.078433063861948149e+00
-2.628015200000000107e+00,-2.180882393999999920e+02,1.961899229999999861e+01,-1.608129999999999976e-02,-3.863622840338673203e+00
-2.880991100000000138e+00,-2.200697014000000138e+02,1.932078630000000175e+01,-1.794039999999999871e-02,-3.590546055891294941e+00
-3.204818899999999804e+00,-2.220407931999999960e+02,1.903455359999999885e+01,-1.988480000000000109e-02,-3.276595678041179127e+00
-3.606845799999999880e+00,-2.239980391999999938e+02,1.876173400000000058e+01,-2.198539999999999869e-02,-2.884580151747158538e+00
-4.093863299999999761e+00,-2.259333471999999858e+02,1.850407189999999957e+01,-2.426220000000000113e-02,-2.407059137214912603e+00
-4.674593999999999916e+00,-2.278460034999999948e+02,1.825383090000000053e+01,-2.590249999999999844e-02,-1.835913409976422495e+00
-5.353859800000000391e+00,-2.297262149000000022e+02,1.802295690000000050e+01,-2.860009999999999983e-02,-1.165813753900202032e+00
-6.136987699999999712e+00,-2.315583372000000111e+02,1.782687939999999926e+01,-3.262600000000000222e-02,-3.930135557619338083e-01
-7.037900200000000162e+00,-2.333380251000000101e+02,1.764721019999999996e+01,-3.498060000000000058e-02,5.002950672129906629e-01
-8.065381500000000869e+00,-2.350600597000000107e+02,1.746651329999999902e+01,-3.405969999999999831e-02,1.519099506800899224e+00
-9.203504000000000573e+00,-2.366987959999999873e+02,1.730691089999999832e+01,-3.857279999999999737e-02,2.649031149188096901e+00
-1.046947199999999967e+01,-2.382434978999999942e+02,1.730691089999999832e+01,-5.341719999999999802e-02,3.923792692506402613e+00
-1.187850859999999997e+01,-2.396455046000000095e+02,1.730691089999999832e+01,-3.991879999999999734e-02,3.748982545691730284e+00
-1.340189469999999972e+01,-2.409367616000000112e+02,1.745210159999999888e+01,-2.754759999999999848e-02,2.673258477948287748e+00
-1.499849410000000027e+01,-2.421375968000000114e+02,1.772214209999999923e+01,-3.587169999999999942e-02,1.696654268839902446e+00
-1.666976040000000125e+01,-2.432246063000000049e+02,1.788806489999999982e+01,-3.155730000000000340e-02,8.417848481126408711e-01
-1.841075640000000035e+01,-2.442060883000000047e+02,1.809281809999999879e+01,-2.830639999999999892e-02,1.020950767107837720e-01
-2.020534779999999841e+01,-2.450878310999999883e+02,1.832362949999999913e+01,-2.610710000000000114e-02,-5.332498254858369924e-01
-2.203727410000000120e+01,-2.458719914000000131e+02,1.856839950000000172e+01,-2.422979999999999925e-02,-1.065583683961982997e+00
-2.390933419999999998e+01,-2.465682597999999928e+02,1.882363309999999856e+01,-2.257709999999999925e-02,-1.664509015563969907e+00
-2.581394639999999896e+01,-2.471802568999999892e+02,1.908245660000000044e+01,-2.112790000000000154e-02,-2.269220617364115622e+00
-2.773732479999999967e+01,-2.477099283000000014e+02,1.933420359999999860e+01,-1.965859999999999830e-02,-2.792047628004439730e+00
-2.968289680000000175e+01,-2.481643261000000109e+02,1.957924470000000028e+01,-1.839379999999999835e-02,-3.239417978594614667e+00
-3.164446669999999884e+01,-2.485469816000000094e+02,1.981792009999999848e+01,-1.730100000000000041e-02,-3.614675006881923558e+00
-3.361664809999999903e+01,-2.488613894000000073e+02,2.005054259999999999e+01,-1.627610000000000168e-02,-3.921801913380206894e+00
-3.559896559999999965e+01,-2.491116012999999896e+02,2.027740119999999990e+01,-1.534579999999999972e-02,-4.164787082637234406e+00
-3.758607289999999779e+01,-2.493007471999999893e+02,2.049876310000000146e+01,-1.445180000000000076e-02,-4.346747473940697937e+00
-3.957983699999999772e+01,-2.494331606000000079e+02,2.071487619999999907e+01,-1.270780000000000000e-02,-4.471814237768644062e+00
-4.157464139999999730e+01,-2.495149930999999981e+02,2.092597070000000059e+01,-1.021050000000000083e-02,-4.546162202655833262e+00
-4.357081800000000271e+01,-2.495562845999999979e+02,2.113226119999999852e+01,-6.955799999999999830e-03,-4.580041476344790752e+00
-4.556792080000000311e+01,-2.495698170000000005e+02,2.133394780000000068e+01,-3.739500000000000202e-03,-4.586246388712433841e+00
-4.756503899999999874e+01,-2.495682325999999875e+02,2.153121760000000151e+01,-1.766500000000000058e-03,-4.577427046070959626e+00
-4.956213999999999942e+01,-2.495593853999999965e+02,2.172424579999999850e+01,-1.068699999999999902e-03,-4.561437896549628057e+00
-5.155924749999999790e+01,-2.495458639000000005e+02,2.191319670000000031e+01,-1.001799999999999956e-03,-4.540508658729963898e+00
-5.355630140000000239e+01,-2.495283470999999906e+02,2.209822460000000177e+01,-9.401000000000000285e-04,-4.515511352780311682e+00
-5.555330589999999802e+01,-2.495070809999999994e+02,2.227947490000000030e+01,-8.779999999999999827e-04,-4.486856348152810980e+00
-5.755030210000000324e+01,-2.494823120000000074e+02,2.245708439999999939e+01,-8.170000000000000179e-04,-4.454790795559197214e+00
-5.954724110000000081e+01,-2.494542849000000047e+02,2.263118229999999897e+01,-7.546000000000000190e-04,-4.419561049690133636e+00
-6.154411679999999762e+01,-2.494232489999999984e+02,2.280189049999999895e+01,-6.905000000000000330e-04,-4.381417920246190256e+00
-6.354098809999999986e+01,-2.493894535000000019e+02,2.296932449999999903e+01,-6.344999999999999729e-04,-4.340086538210106148e+00
-6.553778970000000470e+01,-2.493531273000000112e+02,2.313359349999999992e+01,-5.843000000000000537e-04,-4.296301627693963177e+00
-6.753452869999999564e+01,-2.493144701999999882e+02,2.329480119999999843e+01,-5.402999999999999600e-04,-4.250278512477870585e+00
-6.953126989999999807e+01,-2.492736577999999952e+02,2.345304589999999934e+01,-4.960000000000000216e-04,-4.202194844002548280e+00
-7.152794670000000110e+01,-2.492308678999999927e+02,2.360842110000000105e+01,-4.516000000000000266e-04,-4.152231289333129460e+00
-7.352455829999999537e+01,-2.491862779999999873e+02,2.376101570000000152e+01,-4.069000000000000243e-04,-4.100469535105498053e+00
-7.552118380000000286e+01,-2.491400640999999894e+02,2.391091430000000173e+01,-3.625999999999999775e-04,-4.046713845831828138e+00
-7.751774740000000463e+01,-2.490924051000000077e+02,2.405819740000000095e+01,-3.181999999999999824e-04,-3.991607010715542359e+00
-7.951425799999999811e+01,-2.490434777000000111e+02,2.420294210000000135e+01,-2.737999999999999874e-04,-3.935328494666547883e+00
-8.151079430000000059e+01,-2.489934571999999946e+02,2.434522180000000091e+01,-2.295999999999999972e-04,-3.878057103566086905e+00
-8.350727469999999641e+01,-2.489425222000000133e+02,2.448510660000000172e+01,-1.850999999999999998e-04,-3.819975695675110305e+00
-8.550371579999999483e+01,-2.488908495999999957e+02,2.462266350000000159e+01,-1.403999999999999975e-04,-3.761080480074534105e+00
-8.750020069999999350e+01,-2.488386145999999997e+02,2.475795679999999876e+01,-9.739999999999999580e-05,-3.701299630139343488e+00
-8.949663459999999304e+01,-2.487859924999999919e+02,2.489104779999999906e+01,-5.170000000000000306e-05,-3.641231896783235555e+00
-9.149304279999999778e+01,-2.487331655000000126e+02,2.502199560000000034e+01,-2.600000000000000094e-06,-3.581063566051315927e+00
-9.348950080000000185e+01,-2.486803151000000014e+02,2.515085649999999973e+01,2.699999999999999899e-05,-3.520981327001770911e+00
-9.548597080000000403e+01,-2.486275757999999882e+02,2.527768469999999823e+01,8.390000000000000647e-05,-3.461125868365651836e+00
-9.748236860000000092e+01,-2.485751798000000008e+02,2.540253239999999835e+01,1.744000000000000107e-04,-3.401463951733826541e+00
-9.947894300000000101e+01,-2.485233709000000033e+02,2.552544950000000057e+01,9.320000000000000214e-05,-3.342095937958526441e+00
-1.014754757000000041e+02,-2.484719257000000141e+02,2.564648400000000095e+01,-6.389999999999999467e-05,-3.283203343814232955e+00
-1.034717866000000015e+02,-2.484202152000000012e+02,2.576568230000000170e+01,-3.026999999999999851e-04,-3.224162734213029236e+00
-1.054684294999999992e+02,-2.483672219999999982e+02,2.588308879999999945e+01,-6.512999999999999476e-04,-3.163962080979229263e+00
-1.074646142999999938e+02,-2.483116537999999878e+02,2.599874649999999932e+01,-9.233000000000000538e-04,-3.101313326947775284e+00
-1.094608037999999937e+02,-2.482524214999999970e+02,2.611269649999999842e+01,-1.095700000000000016e-03,-3.034767951621648585e+00
-1.114567069000000004e+02,-2.481891441999999870e+02,2.622497889999999998e+01,-7.450999999999999507e-04,-3.114370283025952091e+00
-1.134527163999999999e+02,-2.481229055000000017e+02,2.633563189999999921e+01,-2.634000000000000057e-04,-3.272975561698216573e+00
-1.154489411999999930e+02,-2.480556328000000121e+02,2.644469259999999977e+01,3.441000000000000157e-04,-3.430648251452322661e+00
-1.174448644000000002e+02,-2.479896971000000008e+02,2.655219699999999960e+01,8.752000000000000231e-04,-3.589678941985722460e+00
-1.194410601000000014e+02,-2.479272268999999937e+02,2.665817949999999925e+01,1.271800000000000014e-03,-3.752235952775785588e+00
-1.214374635000000069e+02,-2.478697951000000046e+02,2.676267359999999940e+01,1.512399999999999899e-03,-3.919864707028982043e+00
-1.234339393000000058e+02,-2.478183835000000101e+02,2.686571160000000091e+01,1.732299999999999986e-03,-4.093513421593309332e+00
-1.254306873000000024e+02,-2.477738726000000042e+02,2.696732469999999893e+01,1.913800000000000006e-03,-4.273980896574444799e+00
-1.274273957000000053e+02,-2.477369882000000132e+02,2.706754330000000053e+01,2.048599999999999813e-03,-4.198852511349377536e+00
-1.294243623000000127e+02,-2.477080517999999927e+02,2.716639650000000117e+01,1.818900000000000031e-03,-4.125800830607272651e+00
-1.314213498999999956e+02,-2.476863626999999894e+02,2.726391290000000112e+01,1.514699999999999901e-03,-4.060081154569806117e+00
-1.334183979999999963e+02,-2.476707011999999963e+02,2.736011979999999966e+01,1.143300000000000089e-03,-4.000480484247987079e+00
-1.354155699000000084e+02,-2.476596692999999902e+02,2.745504389999999972e+01,8.890999999999999815e-04,-3.945607110972908504e+00
-1.374126778000000115e+02,-2.476521960000000036e+02,2.754871100000000084e+01,7.293000000000000003e-04,-3.894395234221000202e+00
-1.394097525999999903e+02,-2.476476533000000018e+02,2.764114610000000027e+01,6.777000000000000472e-04,-3.845624065159343630e+00
-1.414068934999999954e+02,-2.476458397000000105e+02,2.773237370000000013e+01,6.698999999999999660e-04,-3.799677863462170624e+00
-1.434039962999999887e+02,-2.476466969999999890e+02,2.782241720000000029e+01,6.562999999999999607e-04,-3.756506613991800414e+00
-1.454011390999999946e+02,-2.476501700999999969e+02,2.791129959999999954e+01,6.327999999999999858e-04,-3.716058018489873493e+00
-1.473982574000000056e+02,-2.476561699000000090e+02,2.799904319999999913e+01,6.137000000000000094e-04,-3.678248697288153846e+00
-1.493953779999999938e+02,-2.476646173000000033e+02,2.808566950000000162e+01,5.944999999999999764e-04,-3.642853224648117116e+00
-1.513924863000000016e+02,-2.476754358000000025e+02,2.817119950000000017e+01,5.751000000000000469e-04,-3.609442526604431656e+00
-1.533895689999999945e+02,-2.476885476999999867e+02,2.825565369999999987e+01,5.553999999999999476e-04,-3.578436189362879105e+00
-1.553866456000000085e+02,-2.477038746000000060e+02,2.833905199999999880e+01,5.356999999999999566e-04,-3.549759027022601821e+00
-1.573837100000000078e+02,-2.477213384000000076e+02,2.842141360000000105e+01,5.163000000000000271e-04,-3.523336599389798707e+00
-1.593807403000000136e+02,-2.477408610999999894e+02,2.850275740000000013e+01,4.966999999999999844e-04,-3.499094183841713335e+00
-1.613777592000000141e+02,-2.477623648000000003e+02,2.858310170000000028e+01,4.770999999999999959e-04,-3.476593747686467673e+00
-1.633747635999999943e+02,-2.477857712999999933e+02,2.866246429999999989e+01,4.575000000000000074e-04,-3.455792539032545463e+00
-1.653717294999999865e+02,-2.478110023000000126e+02,2.874086249999999865e+01,4.380000000000000213e-04,-3.436935935982118551e+00
-1.673686820000000068e+02,-2.478379802999999981e+02,2.881831329999999980e+01,4.183999999999999785e-04,-3.419948169888539002e+00
-1.693656186000000048e+02,-2.478666269999999940e+02,2.889483299999999844e+01,3.986999999999999876e-04,-3.404753218230462064e+00
-1.713625140000000044e+02,-2.478968635999999890e+02,2.897043790000000030e+01,3.793000000000000039e-04,-3.391274256417691202e+00
-1.733593965000000026e+02,-2.479286131000000069e+02,2.904514340000000061e+01,3.604999999999999806e-04,-3.378824762066262810e+00
-1.753562636000000055e+02,-2.479618005000000096e+02,2.911896490000000171e+01,3.423999999999999743e-04,-3.367839802797911730e+00
-1.773530882999999960e+02,-2.479963530999999932e+02,2.919191719999999890e+01,3.244999999999999729e-04,-3.358345589285637089e+00
-1.793499017000000038e+02,-2.480321998000000008e+02,2.926401489999999939e+01,3.065000000000000233e-04,-3.350271449619478314e+00
-1.813467009999999959e+02,-2.480692688999999973e+02,2.933527210000000096e+01,2.885000000000000194e-04,-3.343546865610133256e+00
-1.833434585999999911e+02,-2.481074883000000000e+02,2.940570260000000147e+01,2.706000000000000180e-04,-3.337948220176477410e+00
-1.853402073999999971e+02,-2.481467868000000010e+02,2.947531999999999996e+01,2.526000000000000142e-04,-3.332990701566052483e+00
-1.873369441000000108e+02,-2.481870927999999878e+02,2.954413740000000033e+01,2.346000000000000103e-04,-3.329167311880381508e+00
-1.893336414999999988e+02,-2.482283338000000015e+02,2.961216770000000054e+01,2.166000000000000065e-04,-3.326406850928292247e+00
-1.913303332000000125e+02,-2.482704391000000044e+02,2.967942349999999863e+01,1.987000000000000051e-04,-3.324638155704525033e+00
-1.933270157999999981e+02,-2.483133367000000078e+02,2.974591699999999861e+01,1.807000000000000012e-04,-3.323789615636179917e+00
-1.953236627999999939e+02,-2.483569544000000064e+02,2.981166019999999861e+01,1.626999999999999974e-04,-3.323380452311860189e+00
-1.973203078999999889e+02,-2.484012213000000031e+02,2.987666490000000152e+01,1.447999999999999960e-04,-3.323436234990237992e+00
-1.993169475999999918e+02,-2.484460655999999972e+02,2.994094249999999846e+01,1.267999999999999921e-04,-3.324197081014568678e+00
-2.013135560999999996e+02,-2.484914149999999893e+02,3.000450430000000068e+01,1.088000000000000019e-04,-3.325591249106190528e+00
-2.033101671000000010e+02,-2.485371984999999881e+02,3.006736120000000057e+01,9.079999999999999801e-05,-3.327546818126394523e+00
-2.053067768999999885e+02,-2.485833445000000097e+02,3.012952389999999880e+01,7.289999999999999660e-05,-3.329992144858933134e+00
-2.073033607000000131e+02,-2.486297806000000037e+02,3.019100299999999848e+01,5.489999999999999953e-05,-3.332191734974542019e+00
-2.092999514999999917e+02,-2.486764359000000013e+02,3.025180860000000038e+01,3.690000000000000246e-05,-3.334682330220740010e+00
-2.112965457999999899e+02,-2.487232386000000020e+02,3.031195089999999936e+01,1.900000000000000105e-05,-3.337447622382022860e+00
-2.132931196000000114e+02,-2.487701165000000003e+02,3.037143969999999982e+01,9.999999999999999547e-07,-3.340516396179100234e+00
-2.152897050999999919e+02,-2.488169986000000051e+02,3.043028460000000024e+01,-1.699999999999999987e-05,-3.392868187534660684e+00
-2.172862987999999973e+02,-2.488638130999999873e+02,3.048849510000000151e+01,-3.499999999999999693e-05,-3.445276669001647640e+00
-2.192828777000000002e+02,-2.489104877999999985e+02,3.054608029999999985e+01,-5.289999999999999835e-05,-3.497664126992640288e+00
-2.212794729999999959e+02,-2.489569516999999905e+02,3.060304929999999857e+01,-7.090000000000000219e-05,-3.549954311780088023e+00
-2.232760810999999990e+02,-2.490031329999999912e+02,3.065941099999999864e+01,-8.890000000000000604e-05,-3.602070729937508542e+00
-2.252726799000000142e+02,-2.490489594999999952e+02,3.071517409999999870e+01,-1.068999999999999963e-04,-3.653912048652806721e+00
-2.272692997000000048e+02,-2.490943602000000112e+02,3.077034700000000100e+01,-1.247999999999999977e-04,-3.704826761828909021e+00
-2.292659366000000034e+02,-2.491392631999999878e+02,3.082493810000000067e+01,-1.428000000000000016e-04,-3.755356753273971560e+00
-2.312625695000000121e+02,-2.491835963999999990e+02,3.087895560000000117e+01,-1.608000000000000054e-04,-3.805425583655464017e+00
-2.332592272999999921e+02,-2.492272887000000026e+02,3.093240739999999889e+01,-1.788000000000000093e-04,-3.854958120210246530e+00
-2.352559062999999924e+02,-2.492702683999999920e+02,3.098530149999999850e+01,-1.968000000000000131e-04,-3.903879082736645412e+00
-2.372525861000000020e+02,-2.493124629000000141e+02,3.103764550000000000e+01,-2.146999999999999874e-04,-3.951983539996355876e+00
-2.392492940999999860e+02,-2.493538015999999971e+02,3.108944699999999983e+01,-2.325999999999999888e-04,-3.998874349896410330e+00
-2.412460260000000005e+02,-2.493942126999999971e+02,3.114071339999999921e+01,-2.508000000000000246e-04,-4.044942041795429155e+00
-2.432427600999999981e+02,-2.494336232999999936e+02,3.119145190000000056e+01,-2.691999999999999840e-04,-4.090110401897664616e+00
-2.452395276999999965e+02,-2.494719609999999932e+02,3.124166980000000038e+01,-2.846999999999999813e-04,-4.134304070392865960e+00
-2.472363240999999903e+02,-2.495091643000000090e+02,3.129137389999999996e+01,-2.962999999999999922e-04,-4.177458964050378754e+00
-2.492331220000000087e+02,-2.495451875999999913e+02,3.134057119999999941e+01,-3.040000000000000167e-04,-4.201799913957128041e+00
-2.512299538000000041e+02,-2.495799987999999985e+02,3.138926839999999885e+01,-3.115999999999999846e-04,-4.216789548688692157e+00
-2.532268152000000043e+02,-2.496135672999999997e+02,3.143747210000000081e+01,-3.198000000000000213e-04,-4.230635719083772450e+00
-2.552236752999999965e+02,-2.496458599999999990e+02,3.148518879999999953e+01,-3.279000000000000014e-04,-4.243079655130164163e+00
-2.572205720000000042e+02,-2.496768452999999965e+02,3.153242489999999876e+01,-3.359999999999999814e-04,-4.253977603894928627e+00
-2.592174956999999722e+02,-2.497064906999999891e+02,3.157918670000000105e+01,-3.440000000000000132e-04,-4.263635626238411191e+00
-2.612144164000000046e+02,-2.497347636000000080e+02,3.162548029999999954e+01,-3.520999999999999933e-04,-4.272020770000953149e+00
-2.632113681000000156e+02,-2.497616286999999886e+02,3.167131170000000040e+01,-3.965999999999999907e-04,-4.279096835226566142e+00
-2.652083544999999845e+02,-2.497868994000000100e+02,3.171668700000000030e+01,-4.956000000000000119e-04,-4.284677090406567856e+00
-2.672053108999999722e+02,-2.498100320000000067e+02,3.176161180000000073e+01,-8.945000000000000043e-04,-4.287799940027197998e+00
-2.692023517000000083e+02,-2.498295947000000012e+02,3.180609199999999959e+01,-1.354900000000000028e-03,-4.287311037003973979e+00
-2.711994675000000257e+02,-2.498437433999999939e+02,3.185013319999999837e+01,-1.857600000000000050e-03,-4.281506610751074859e+00
-2.731965124000000174e+02,-2.498504893999999865e+02,3.189374090000000095e+01,-2.347899999999999987e-03,-4.281829493218006988e+00
-2.751935914000000025e+02,-2.498478771000000052e+02,3.193692049999999938e+01,-2.780799999999999939e-03,-4.281218503065623793e+00
-2.771907592000000022e+02,-2.498341948000000059e+02,3.197967739999999992e+01,-3.125999999999999873e-03,-4.269636545137455386e+00
-2.791875524000000155e+02,-2.498080894999999941e+02,3.202201689999999701e+01,-3.391700000000000097e-03,-4.245728899764642073e+00
-2.811843632000000071e+02,-2.497684528000000057e+02,3.206394410000000050e+01,-3.666299999999999941e-03,-4.208390087872484031e+00
-2.831808487999999784e+02,-2.497141875000000084e+02,3.210546420000000012e+01,-3.971299999999999657e-03,-4.156086462538534754e+00
-2.851766438000000221e+02,-2.496440747000000044e+02,3.214658200000000221e+01,-4.319100000000000196e-03,-4.087907211531624618e+00
-2.871719292000000223e+02,-2.495567420000000141e+02,3.218730250000000126e+01,-4.672499999999999570e-03,-4.002595866709733663e+00
-2.891662992000000258e+02,-2.494507943000000125e+02,3.222763059999999768e+01,-5.025400000000000179e-03,-3.898753317559719545e+00
-2.911594125999999960e+02,-2.493248422000000062e+02,3.226757099999999667e+01,-5.377700000000000015e-03,-3.774981647719023226e+00
-2.931511340000000132e+02,-2.491774857000000054e+02,3.230712830000000224e+01,-5.731100000000000257e-03,-3.637817291526293850e+00
-2.951410152000000267e+02,-2.490073434999999904e+02,3.234630719999999826e+01,-6.086499999999999896e-03,-3.477977572478700097e+00
-2.971286771000000044e+02,-2.488130269000000112e+02,3.227570089999999681e+01,-6.441999999999999810e-03,-3.293995465530596078e+00
-2.991136842999999885e+02,-2.485931526999999903e+02,3.210132130000000217e+01,-6.798900000000000082e-03,-3.084141024146068055e+00
-3.010954838999999765e+02,-2.483463504999999998e+02,3.193169280000000043e+01,-7.157499999999999800e-03,-2.847367708262716679e+00
-3.030736357999999768e+02,-2.480712335999999993e+02,3.176680520000000030e+01,-7.516799999999999697e-03,-2.582319269324647060e+00
-3.050473600000000260e+02,-2.477664623999999947e+02,3.160667679999999891e+01,-7.878100000000000727e-03,-2.287671999973581727e+00
-3.070160093999999731e+02,-2.474306822000000068e+02,3.145132750000000144e+01,-8.241099999999999468e-03,-1.966385780512289738e+00
-3.089790267000000199e+02,-2.470625168999999914e+02,3.130076950000000124e+01,-8.605200000000000349e-03,-1.681756080325958580e+00
-3.109352637999999729e+02,-2.466607027000000016e+02,3.115503449999999930e+01,-8.971399999999999167e-03,-1.363246409008312288e+00
-3.128839691000000016e+02,-2.462239089999999919e+02,3.101415480000000002e+01,-9.339300000000000032e-03,-1.009616549397420515e+00
-3.148244283999999880e+02,-2.457507866999999919e+02,3.087816189999999850e+01,-9.708599999999999522e-03,-6.201346039057663573e-01
-3.167550676999999837e+02,-2.452402027999999916e+02,3.074712969999999856e+01,-1.008140000000000078e-02,-4.207388354302871725e-01
-3.186750546999999756e+02,-2.446908488999999918e+02,3.062111889999999903e+01,-1.045659999999999992e-02,-2.300758621937466220e-01
-3.205834543000000281e+02,-2.441014260999999976e+02,3.050022059999999868e+01,-1.083560000000000079e-02,2.797813451702418561e-02
-3.224783077000000162e+02,-2.434709559000000070e+02,3.038462760000000173e+01,-1.122330000000000029e-02,2.811439651894331870e-01
-3.243585689000000229e+02,-2.427981698000000108e+02,3.027452810000000127e+01,-1.161919999999999967e-02,6.001830640345373613e-01
-3.262230758000000037e+02,-2.420817930000000047e+02,3.017010840000000016e+01,-1.202270000000000075e-02,8.588718047196352012e-01
-3.280694156000000135e+02,-2.413210301000000015e+02,3.007156810000000036e+01,-1.243419999999999942e-02,1.108812209998059961e+00
-3.298963269999999852e+02,-2.405146440000000041e+02,2.997910329999999846e+01,-1.285299999999999984e-02,1.408087585732636704e+00
-3.317023695999999973e+02,-2.396614251000000024e+02,2.989291800000000165e+01,-1.327910000000000028e-02,1.758182114522863326e+00
-3.334846663000000149e+02,-2.387608533000000079e+02,2.981326560000000114e+01,-1.371460000000000040e-02,2.160446056670370929e+00
-3.352416269000000284e+02,-2.378118123000000139e+02,2.974040210000000073e+01,-1.415910000000000085e-02,2.456835397944734822e+00
-3.369715575000000172e+02,-2.368131772000000126e+02,2.967457489999999964e+01,-1.461149999999999949e-02,2.670421285621439988e+00
-3.386711055999999758e+02,-2.357647972000000038e+02,2.961604799999999926e+01,-1.507219999999999914e-02,2.941955099241332583e+00
-3.403382553999999800e+02,-2.346657953000000134e+02,2.956507799999999975e+01,-1.553990000000000059e-02,3.273026464722989637e+00
-3.419710785999999985e+02,-2.335151769999999942e+02,2.952197209999999927e+01,-1.601690000000000058e-02,3.631646462502855055e+00
-3.435657661000000189e+02,-2.323132926000000111e+02,2.948685719999999932e+01,-1.649269999999999903e-02,3.601744009474491026e+00
-3.451198534000000109e+02,-2.310596779999999910e+02,2.945982130000000154e+01,-1.696459999999999982e-02,3.637704835402439496e+00
-3.466312045000000239e+02,-2.297535962999999981e+02,2.944129579999999891e+01,-1.745040000000000133e-02,3.740952172054242020e+00
-3.480956587000000013e+02,-2.283960765999999865e+02,2.943083319999999858e+01,-1.790229999999999946e-02,3.913586477602957636e+00
-3.495104824000000008e+02,-2.269872719999999902e+02,2.942767189999999999e+01,-1.830390000000000142e-02,4.157264724525194133e+00
-3.508732514999999808e+02,-2.255275013000000115e+02,2.942767189999999999e+01,-1.847599999999999937e-02,4.074529349953439628e+00
-3.521808174000000236e+02,-2.240190198999999893e+02,2.942767189999999999e+01,-1.844190000000000065e-02,3.898857361122298304e+00
-3.534328304000000003e+02,-2.224623990000000049e+02,2.942829770000000167e+01,-1.819339999999999846e-02,3.796542471948557207e+00
-3.546264856000000236e+02,-2.208626594000000125e+02,2.943347340000000045e+01,-1.793519999999999837e-02,3.766298156713125511e+00
-3.557627105999999912e+02,-2.192203212999999948e+02,2.944327230000000029e+01,-1.767240000000000130e-02,3.807642484137155225e+00
-3.568407245000000216e+02,-2.175381669999999872e+02,2.945767610000000047e+01,-1.741279999999999911e-02,3.787203049644791264e+00
-3.578588020000000256e+02,-2.158208213000000057e+02,2.947652599999999978e+01,-1.722589999999999885e-02,3.374443143906633136e+00
-3.588175810000000183e+02,-2.140689203000000020e+02,2.949838910000000070e+01,-1.676069999999999990e-02,3.028949301161916186e+00
-3.597174236000000178e+02,-2.122854801000000009e+02,2.952832400000000135e+01,-1.606049999999999839e-02,2.749296348690112080e+00
-3.605593400999999858e+02,-2.104749123999999938e+02,2.957049209999999917e+01,-1.519539999999999953e-02,2.533129881334132971e+00
-3.613460496999999805e+02,-2.086393261000000052e+02,2.962769510000000039e+01,-1.438599999999999948e-02,2.235481358053781342e+00
-3.620798100999999747e+02,-2.067815994999999987e+02,2.969477450000000118e+01,-1.360940000000000066e-02,1.661796772953104684e+00
-3.627626222000000098e+02,-2.049051183999999921e+02,2.976109449999999867e+01,-1.285129999999999953e-02,1.140690823160842360e+00
-3.633971152999999958e+02,-2.030115419999999915e+02,2.982666689999999932e+01,-1.210669999999999975e-02,6.708527604572711578e-01
-3.639857253999999784e+02,-2.011028916999999865e+02,2.989150349999999889e+01,-1.136939999999999999e-02,2.457182123574066512e-01
-3.645307326000000216e+02,-1.991818141999999909e+02,2.995561560000000156e+01,-1.061729999999999965e-02,-1.735547641311752098e-01
-3.650348801000000094e+02,-1.972495016000000021e+02,3.001901439999999965e+01,-1.001510000000000074e-02,-6.519034685465748824e-01
-3.655003598000000125e+02,-1.953071042999999918e+02,3.008171079999999975e+01,-9.519500000000000184e-03,-1.090750529186204743e+00
-3.659286850999999956e+02,-1.933566925000000083e+02,3.014371549999999900e+01,-9.093399999999999747e-03,-1.491135956625904369e+00
-3.663215642999999773e+02,-1.913986333000000002e+02,3.020503880000000052e+01,-8.651499999999999468e-03,-1.856642085131676501e+00
-3.666806058000000235e+02,-1.894337865999999906e+02,3.026569110000000151e+01,-8.200700000000000003e-03,-2.188406675028983006e+00
-3.670073467999999934e+02,-1.874637415999999916e+02,3.032568240000000159e+01,-7.758300000000000092e-03,-2.487851969042101263e+00
-3.673035512999999810e+02,-1.854886988000000088e+02,3.038502229999999926e+01,-7.316800000000000040e-03,-2.756715803436019741e+00
-3.675708842999999888e+02,-1.835093721000000073e+02,3.044372050000000129e+01,-6.877000000000000300e-03,-2.996674080280496533e+00
-3.678109771000000023e+02,-1.815268110000000092e+02,3.050178640000000030e+01,-6.439600000000000185e-03,-3.209382023363835046e+00
-3.680255662999999799e+02,-1.795411981999999966e+02,3.055922920000000076e+01,-6.005199999999999601e-03,-3.396595226144892177e+00
-3.682163256000000047e+02,-1.775531488000000024e+02,3.061605790000000127e+01,-5.573700000000000009e-03,-3.560195920281018722e+00
-3.683849400999999943e+02,-1.755631251000000077e+02,3.067228120000000047e+01,-5.145099999999999674e-03,-3.701370385673791841e+00
-3.685330996000000141e+02,-1.735714255000000037e+02,3.072790790000000172e+01,-4.719799999999999690e-03,-3.821978820701003254e+00
-3.686624684000000229e+02,-1.715785722999999905e+02,3.078294629999999898e+01,-4.296900000000000198e-03,-3.923864222507282840e+00
-3.687747413999999821e+02,-1.695844606999999939e+02,3.083740489999999923e+01,-3.877499999999999870e-03,-4.008724434845417406e+00
-3.688715632000000255e+02,-1.675895912999999950e+02,3.089129159999999885e+01,-3.468000000000000162e-03,-4.078216365423466883e+00
-3.689545532999999864e+02,-1.655943969999999865e+02,3.094461460000000130e+01,-3.069399999999999906e-03,-4.133964611245377618e+00
-3.690252922999999896e+02,-1.635982595000000117e+02,3.099738149999999948e+01,-2.730900000000000081e-03,-4.177336081589533734e+00
-3.690851438000000257e+02,-1.616020441999999946e+02,3.104960020000000043e+01,-2.345900000000000155e-03,-4.209569218289074932e+00
-3.691356428999999935e+02,-1.596058232000000032e+02,3.110127800000000065e+01,-1.897299999999999985e-03,-4.232551335832083872e+00
-3.691788487000000032e+02,-1.576091175999999905e+02,3.115242239999999896e+01,-1.007499999999999932e-03,-4.248331980984077383e+00
-3.692179974000000016e+02,-1.556124564000000134e+02,3.120304069999999896e+01,-3.029999999999999924e-04,-4.260155150738270891e+00
-3.692559191000000283e+02,-1.536156527999999923e+02,3.125313979999999958e+01,2.235999999999999869e-04,-4.270848660129706431e+00
-3.692944436999999880e+02,-1.516189176000000032e+02,3.130272679999999852e+01,2.715999999999999881e-04,-4.281858998542732664e+00
-3.693340408999999909e+02,-1.496221801000000085e+02,3.135180859999999825e+01,2.638000000000000154e-04,-4.293385686577749993e+00
-3.693746845000000008e+02,-1.476254281999999876e+02,3.140039180000000130e+01,2.099000000000000063e-04,-4.292989330803704817e+00
-3.694161637000000269e+02,-1.456287529999999890e+02,3.144848299999999952e+01,1.557999999999999923e-04,-4.293528424391909404e+00
-3.694582644999999843e+02,-1.436320658999999864e+02,3.149608870000000138e+01,1.017000000000000055e-04,-4.294526080949937707e+00
-3.695007714999999848e+02,-1.416353526999999985e+02,3.154321519999999879e+01,4.759999999999999827e-05,-4.295731797329826129e+00
-3.695434668999999985e+02,-1.396387034999999912e+02,3.158986880000000141e+01,-6.499999999999999600e-06,-4.297226436286841533e+00
-3.695861366999999973e+02,-1.376420282999999927e+02,3.163605570000000000e+01,-6.069999999999999821e-05,-4.298793500346080876e+00
-3.696285652999999911e+02,-1.356453129999999874e+02,3.168178169999999838e+01,-1.147999999999999986e-04,-4.300217486263679056e+00
-3.696705347000000188e+02,-1.336486490000000060e+02,3.172705290000000034e+01,-1.689999999999999879e-04,-4.301281549620115996e+00
-3.697118269000000055e+02,-1.316519447999999954e+02,3.177187500000000142e+01,-2.423000000000000078e-04,-4.301307709620107111e+00
-3.697521515000000250e+02,-1.296551854999999875e+02,3.181625379999999836e+01,-3.372000000000000106e-04,-4.301818278659945705e+00
-3.697910454999999956e+02,-1.276584603999999956e+02,3.186019489999999976e+01,-5.697000000000000241e-04,-4.322759232395971374e+00
-3.698276634000000058e+02,-1.256616664000000014e+02,3.190370370000000122e+01,-8.275999999999999503e-04,-4.341192881798007441e+00
-3.698609784999999874e+02,-1.236647760000000034e+02,3.194678569999999951e+01,-1.109600000000000083e-03,-4.356420925321778270e+00
-3.698898303000000283e+02,-1.216678857999999934e+02,3.198944619999999972e+01,-1.451000000000000033e-03,-4.367283207820837454e+00
-3.699128938999999718e+02,-1.196708899000000059e+02,3.203169050000000340e+01,-1.802800000000000019e-03,-4.372453385098749479e+00
-3.699287663999999722e+02,-1.176737813000000017e+02,3.207352370000000263e+01,-2.163299999999999945e-03,-4.370529410534122583e+00
-3.699360189999999875e+02,-1.156767116000000044e+02,3.211495080000000257e+01,-2.509599999999999852e-03,-4.359673810190825449e+00
-3.699332709000000250e+02,-1.136796223999999995e+02,3.215597689999999886e+01,-2.810899999999999857e-03,-4.338776314652849742e+00
-3.699193169000000125e+02,-1.116824543000000034e+02,3.219660679999999786e+01,-3.068200000000000094e-03,-4.306768027370932117e+00
-3.698932148999999754e+02,-1.096856171999999958e+02,3.223684529999999882e+01,-3.188700000000000041e-03,-4.262710175360571618e+00
-3.698543968999999834e+02,-1.076888574000000034e+02,3.227669720000000098e+01,-3.298900000000000009e-03,-4.206031782929768426e+00
-3.698024222999999893e+02,-1.056922815000000071e+02,3.231616720000000242e+01,-3.400799999999999830e-03,-4.136294074364661455e+00
-3.697368766999999821e+02,-1.036962975000000000e+02,3.235525979999999890e+01,-3.530800000000000171e-03,-4.052565117864440403e+00
-3.696572522000000163e+02,-1.017007181000000031e+02,3.239397950000000037e+01,-3.671799999999999804e-03,-3.954822221549799011e+00
-3.695629941000000258e+02,-9.970577740000000233e+01,3.243233080000000257e+01,-3.823500000000000076e-03,-3.844157162699309627e+00
-3.694535043999999857e+02,-9.771164400000000683e+01,3.247031799999999890e+01,-3.979299999999999851e-03,-3.768382807728984485e+00
-3.693281685000000039e+02,-9.571841799999999978e+01,3.250794549999999816e+01,-4.135999999999999920e-03,-3.677982083471319719e+00
-3.691863776999999800e+02,-9.372637070000000392e+01,3.254521749999999969e+01,-4.293899999999999800e-03,-3.570953657693401784e+00
-3.690274994000000106e+02,-9.173548859999999650e+01,3.258213810000000166e+01,-4.452700000000000408e-03,-3.446583610306256595e+00
-3.688509275000000116e+02,-8.974615190000000098e+01,3.261871140000000224e+01,-4.612400000000000007e-03,-3.304573179801295169e+00
-3.686560519000000227e+02,-8.775866569999999456e+01,3.265494149999999962e+01,-4.773200000000000012e-03,-3.144297584611562613e+00
-3.684422124000000167e+02,-8.577286979999999517e+01,3.269083229999999674e+01,-4.932999999999999885e-03,-2.965088403884319490e+00
-3.682088335000000257e+02,-8.378940649999999835e+01,3.272638779999999770e+01,-5.093900000000000164e-03,-2.766347132250711383e+00
-3.679553126999999790e+02,-8.180860350000000381e+01,3.276161179999999717e+01,-5.255899999999999982e-03,-2.547448939701720150e+00
-3.676809645999999816e+02,-7.983021279999999820e+01,3.279650819999999811e+01,-5.418199999999999752e-03,-2.307701796337919387e+00
-3.673852522999999906e+02,-7.785509779999999580e+01,3.283108049999999878e+01,-5.581499999999999656e-03,-2.046528246086611436e+00
-3.670675754000000097e+02,-7.588360319999999604e+01,3.286533270000000329e+01,-5.745700000000000286e-03,-1.763297639527531047e+00
-3.667272270000000276e+02,-7.391547210000000234e+01,3.289926810000000046e+01,-5.909099999999999596e-03,-1.457296582549399977e+00
-3.663637186000000270e+02,-7.195173010000000602e+01,3.293289049999999918e+01,-6.072799999999999726e-03,-1.127980383549650467e+00
-3.659764576000000034e+02,-6.999272030000000200e+01,3.296620339999999771e+01,-6.236099999999999630e-03,-7.747368150089299910e-01
-3.655646234999999820e+02,-6.803835580000000505e+01,3.299921020000000027e+01,-6.609099999999999697e-03,-4.016504677607815599e-01
-3.651270739999999932e+02,-6.608979490000000112e+01,3.303191429999999684e+01,-6.983200000000000171e-03,-1.923064839202179646e-02
-3.646624173000000155e+02,-6.414762249999999710e+01,3.306431909999999874e+01,-7.354699999999999606e-03,4.247473375320332534e-01
-3.641692196999999851e+02,-6.221223239999999777e+01,3.309642800000000307e+01,-7.727999999999999627e-03,8.776628834590202155e-01
-3.636462448999999992e+02,-6.028481649999999803e+01,3.312824419999999748e+01,-8.108199999999999436e-03,1.360993703746633754e+00
-3.630921612999999866e+02,-5.836623579999999833e+01,3.315977089999999805e+01,-8.496200000000000627e-03,2.454191600185155586e+00
-3.625055247999999892e+02,-5.645709320000000275e+01,3.319101129999999955e+01,-8.894600000000000770e-03,4.259691525556902114e+00
-3.618851023000000282e+02,-5.455879039999999947e+01,3.322196850000000268e+01,-9.315500000000000863e-03,3.266199818228717522e+00
-3.612295209000000114e+02,-5.267250820000000289e+01,3.325264570000000219e+01,-9.760500000000000079e-03,2.786710323397958433e+00
